dataset,model,metric,method,n,real,synthetic,delta,ci_low,ci_high,p_t,d_z,shapiro_p,p_wilcoxon,p_t_holm,p_wilcoxon_holm,p_final,res
aids_clinical_trial_175,CatBoost,AUC_PR,SMOTE,10,0.8716841200975957,0.8692131097188167,-0.002471010378778793,-0.006276832223393872,0.0013348114658362858,0.17596387409895559,-0.46446061096782054,0.9677986263328046,0.232421875,0.3281856171403427,0.38671875,0.3281856171403427,ns
aids_clinical_trial_175,CatBoost,AUC_PR,CTGAN,10,0.8716841200975957,0.8665745029378513,-0.005109617159744307,-0.01160043955148583,0.0013812052319972174,0.1086415003124017,-0.563133560200311,0.22797470500254113,0.083984375,0.3259245009372051,0.251953125,0.3259245009372051,ns
aids_clinical_trial_175,CatBoost,AUC_PR,TVAE,10,0.8716841200975957,0.8651874958370428,-0.006496624260552808,-0.009733848064119612,-0.003259400456986004,0.0014062936943736084,-1.4356143758619528,0.20428574173185243,0.001953125,0.0056251747774944336,0.0078125,0.0056251747774944336,DOWN
aids_clinical_trial_175,CatBoost,AUC_PR,HYBRID,10,0.8716841200975957,0.8676751990410224,-0.0040089210565732334,-0.009995230725316443,0.001977388612169977,0.16409280857017136,-0.4790613118938359,0.9986482150571822,0.193359375,0.3281856171403427,0.38671875,0.3281856171403427,ns
aids_clinical_trial_175,CatBoost,AUC_PR,REAL_CW,10,0.8716841200975957,0.8682528430347896,-0.003431277062805993,-0.007688651142274051,0.0008260970166620654,0.10158457115306663,-0.5765496987954828,0.016022667261717468,0.4921875,,,0.4921875,ns
aids_clinical_trial_175,CatBoost,Recall,SMOTE,10,0.7442307692307693,0.7884615384615385,0.044230769230769226,0.03337920889970834,0.05508232956183011,7.001227956588707e-06,2.915782178813381,0.7090262225333761,0.001953125,2.8004911826354827e-05,0.0078125,2.8004911826354827e-05,UP
aids_clinical_trial_175,CatBoost,Recall,CTGAN,10,0.7442307692307693,0.7644230769230769,0.020192307692307686,0.01134193999383761,0.02904267539077776,0.0005941654433286567,1.632102444475145,0.39150618231462425,0.00390625,0.0011883308866573134,0.0078125,0.0011883308866573134,UP
aids_clinical_trial_175,CatBoost,Recall,TVAE,10,0.7442307692307693,0.7855769230769232,0.041346153846153845,0.029632606594896027,0.05305970109741166,2.2471397570134284e-05,2.5250469439132246,0.24526748916981822,0.001953125,6.741419271040285e-05,0.0078125,6.741419271040285e-05,UP
aids_clinical_trial_175,CatBoost,Recall,HYBRID,10,0.7442307692307693,0.748076923076923,0.0038461538461538325,-0.009986925624098352,0.017679233316406015,0.5449993647371609,0.19889806323953824,0.1506308409246675,0.8671875,0.5449993647371609,0.8671875,0.5449993647371609,ns
aids_clinical_trial_175,CatBoost,Recall,REAL_CW,10,0.7442307692307693,0.7913461538461539,0.04711538461538463,0.03954563649008311,0.05468513274068615,1.9522270077639474e-07,4.452501616193058,0.35912239677839114,0.001953125,,,1.9522270077639474e-07,UP
aids_clinical_trial_175,CatBoost,Precision,SMOTE,10,0.8090426060549015,0.7826357904194567,-0.026406815635444957,-0.038465522278969225,-0.014348108991920686,0.0007871918447409969,-1.5665276955430443,0.9229462407420683,0.00390625,0.0017750177288111632,0.0078125,0.0017750177288111632,DOWN
aids_clinical_trial_175,CatBoost,Precision,CTGAN,10,0.8090426060549015,0.7661928339917156,-0.04284977206318609,-0.057084273672384014,-0.028615270453988168,7.819352794772371e-05,-2.153421398671382,0.6439650208718073,0.001953125,0.00031277411179089483,0.0078125,0.00031277411179089483,DOWN
aids_clinical_trial_175,CatBoost,Precision,TVAE,10,0.8090426060549015,0.794997461688191,-0.014045144366710737,-0.031190259395903662,0.0030999706624821877,0.0968654684345895,-0.5860147920252513,0.736752809047188,0.130859375,0.0968654684345895,0.130859375,0.0968654684345895,ns
aids_clinical_trial_175,CatBoost,Precision,HYBRID,10,0.8090426060549015,0.7788809233864563,-0.030161682668445322,-0.04337364362757731,-0.01694972170931333,0.0005916725762703878,-1.633093532391546,0.022198061697057278,0.001953125,0.0017750177288111632,0.0078125,0.0078125,DOWN
aids_clinical_trial_175,CatBoost,Precision,REAL_CW,10,0.8090426060549015,0.7609248766959047,-0.04811772935899691,-0.06331430555075067,-0.032921153167243145,5.2923358361881485e-05,-2.2650727086318407,0.483377411657289,0.001953125,,,5.2923358361881485e-05,DOWN
aids_clinical_trial_175,CatBoost,F1,SMOTE,10,0.7752204374931457,0.7854407885416126,0.010220351048466858,0.0026713817402440167,0.0177693203566897,0.013513048666812166,0.968502904893446,0.48475036360129786,0.01953125,0.054052194667248664,0.078125,0.054052194667248664,ns
aids_clinical_trial_175,CatBoost,F1,CTGAN,10,0.7752204374931457,0.7651937232024035,-0.010026714290742155,-0.018221670320559363,-0.0018317582609249476,0.02183188235674002,-0.8752553748890762,0.8120829170087727,0.02734375,0.06549564707022006,0.08203125,0.06549564707022006,ns
aids_clinical_trial_175,CatBoost,F1,TVAE,10,0.7752204374931457,0.7901824635191306,0.01496202602598492,0.002131397966996861,0.02779265408497298,0.0270047279781336,0.8341905474770096,0.48041712325121755,0.037109375,0.06549564707022006,0.08203125,0.06549564707022006,ns
aids_clinical_trial_175,CatBoost,F1,HYBRID,10,0.7752204374931457,0.7630505293378815,-0.012169908155264263,-0.022740863558937043,-0.0015989527515914825,0.028534915435437107,-0.8235611173680897,0.8310290149965648,0.037109375,0.06549564707022006,0.08203125,0.06549564707022006,ns
aids_clinical_trial_175,CatBoost,F1,REAL_CW,10,0.7752204374931457,0.7757390369041721,0.0005185994110264103,-0.008755788419696223,0.009792987241749044,0.902121864757178,0.04000087950615236,0.6924292362966095,1.0,,,0.902121864757178,ns
aids_clinical_trial_175,CatBoost,BalancedAcc,SMOTE,10,0.8438746438746438,0.8590455840455841,0.015170940170940195,0.00994314827247998,0.020398732069400412,0.00010339528339960066,2.0759504265168554,0.18854337760900003,0.001953125,0.00041358113359840263,0.0078125,0.00041358113359840263,UP
aids_clinical_trial_175,CatBoost,BalancedAcc,CTGAN,10,0.8438746438746438,0.8447115384615383,0.0008368945868945876,-0.0040095814915841205,0.0056833706653732965,0.7051549191809253,0.12352858295597587,0.20837787521462497,0.310546875,0.7051549191809253,0.310546875,0.7051549191809253,ns
aids_clinical_trial_175,CatBoost,BalancedAcc,TVAE,10,0.8438746438746438,0.8602267331433998,0.016352089268755955,0.008526477704113326,0.024177700833398583,0.0010785606186657993,1.494781575705203,0.6820758766691385,0.001953125,0.0032356818559973978,0.0078125,0.0032356818559973978,UP
aids_clinical_trial_175,CatBoost,BalancedAcc,HYBRID,10,0.8438746438746438,0.8399335232668566,-0.003941120607787263,-0.011265077883678417,0.003382836668103891,0.25444519245976005,-0.3849432400874946,0.2647501151723932,0.154296875,0.5088903849195201,0.30859375,0.5088903849195201,ns
aids_clinical_trial_175,CatBoost,BalancedAcc,REAL_CW,10,0.8438746438746438,0.8557039411206079,0.011829297245963943,0.006656478050466531,0.017002116441461355,0.0005846963279618807,1.635891214803296,0.37309678594625656,0.001953125,,,0.0005846963279618807,UP
aids_clinical_trial_175,CatBoost,Specificity,SMOTE,10,0.9435185185185185,0.9296296296296296,-0.013888888888888794,-0.018572534436856213,-0.009205243340921376,8.771397134967808e-05,-2.1213203435596415,0.3412112202268238,0.00390625,0.0002631419140490342,0.0078125,0.0002631419140490342,DOWN
aids_clinical_trial_175,CatBoost,Specificity,CTGAN,10,0.9435185185185185,0.925,-0.01851851851851839,-0.024219270336252624,-0.012817766700784154,4.334357380794248e-05,-2.323790007724443,0.20667401495322535,0.001953125,0.00017337429523176992,0.0078125,0.00017337429523176992,DOWN
aids_clinical_trial_175,CatBoost,Specificity,TVAE,10,0.9435185185185185,0.9348765432098766,-0.008641975308641924,-0.014602828542384892,-0.002681122074898956,0.009534613041301005,-1.03711607648207,0.7444710411436937,0.015625,0.009534613041301005,0.015625,0.009534613041301005,DOWN
aids_clinical_trial_175,CatBoost,Specificity,HYBRID,10,0.9435185185185185,0.9317901234567902,-0.011728395061728325,-0.016475219553877173,-0.0069815705695794785,0.0003388812942313502,-1.7674949678962162,0.018685358663414788,0.001953125,0.0006777625884627004,0.0078125,0.0078125,DOWN
aids_clinical_trial_175,CatBoost,Specificity,REAL_CW,10,0.9435185185185185,0.9200617283950618,-0.023456790123456674,-0.02936287172198509,-0.01755070852492826,8.659605644207857e-06,-2.8411352817916,0.23149315273858767,0.001953125,,,8.659605644207857e-06,DOWN
aids_clinical_trial_175,CatBoost,GMean,SMOTE,10,0.837961325925971,0.8561111837128645,0.01814985778689372,0.012469854246986859,0.02382986132680058,4.929190489657892e-05,2.285848242702463,0.49457272981454065,0.001953125,0.00019716761958631568,0.0078125,0.00019716761958631568,UP
aids_clinical_trial_175,CatBoost,GMean,CTGAN,10,0.837961325925971,0.8408526729023593,0.0028913469763885424,-0.0022228855061884956,0.00800557945896558,0.23291617686681634,0.40442921477725124,0.2755232438965117,0.322265625,0.4658323537336327,0.46484375,0.4658323537336327,ns
aids_clinical_trial_175,CatBoost,GMean,TVAE,10,0.837961325925971,0.8569624414961264,0.019001115570155724,0.010828275653322002,0.027173955486989445,0.0005212102633856354,1.663140277134363,0.7247517320467899,0.001953125,0.0015636307901569061,0.0078125,0.0015636307901569061,UP
aids_clinical_trial_175,CatBoost,GMean,HYBRID,10,0.837961325925971,0.8348363102428159,-0.003125015683154908,-0.01109760829471207,0.004847576928402255,0.39831601782727327,-0.28039831697544526,0.2954151115532708,0.232421875,0.4658323537336327,0.46484375,0.4658323537336327,ns
aids_clinical_trial_175,CatBoost,GMean,REAL_CW,10,0.837961325925971,0.85325980524541,0.015298479319439274,0.009999748213368626,0.020597210425509924,0.00010747422127511773,2.0653761462762485,0.3540111563253663,0.001953125,,,0.00010747422127511773,UP
aids_clinical_trial_175,XGBoost,AUC_PR,SMOTE,10,0.8637462192051725,0.8611690490002124,-0.0025771702049601332,-0.005080982352820397,-7.335805709986947e-05,0.04486193845411488,-0.7363158236753449,0.555283985773393,0.037109375,0.11200089250710393,0.111328125,0.11200089250710393,ns
aids_clinical_trial_175,XGBoost,AUC_PR,CTGAN,10,0.8637462192051725,0.8548814867612962,-0.008864732443876411,-0.017081642051502796,-0.0006478228362500251,0.03733363083570131,-0.7717557909391495,0.7532344749762483,0.083984375,0.11200089250710393,0.111328125,0.11200089250710393,ns
aids_clinical_trial_175,XGBoost,AUC_PR,TVAE,10,0.8637462192051725,0.8522980042984521,-0.011448214906720388,-0.01651766579073479,-0.006378764022705987,0.0006377295003355224,-1.6154727172489307,0.30662934266122976,0.005859375,0.0025509180013420897,0.0234375,0.0025509180013420897,DOWN
aids_clinical_trial_175,XGBoost,AUC_PR,HYBRID,10,0.8637462192051725,0.8587941312640041,-0.004952087941168426,-0.009903394267338649,-7.816149982034504e-07,0.04997082450270052,-0.7154698324692372,0.9120181373153702,0.048828125,0.11200089250710393,0.111328125,0.11200089250710393,ns
aids_clinical_trial_175,XGBoost,AUC_PR,REAL_CW,10,0.8637462192051725,0.860748528847455,-0.002997690357717486,-0.005697177912707524,-0.00029820280272744876,0.0331989181530262,-0.7943798427189971,0.9499290041757024,0.064453125,,,0.0331989181530262,DOWN
aids_clinical_trial_175,XGBoost,Recall,SMOTE,10,0.7336538461538462,0.7586538461538461,0.024999999999999977,0.015714824770515647,0.03428517522948431,0.0001812627351263541,1.926072713466692,0.0031276687249886023,0.001953125,0.0005437882053790623,0.0078125,0.0078125,UP
aids_clinical_trial_175,XGBoost,Recall,CTGAN,10,0.7336538461538462,0.760576923076923,0.026923076923076918,0.017304196761773614,0.036541957084380225,0.0001357766539391915,2.0022714374157395,0.2631877239473359,0.001953125,0.000543106615756766,0.0078125,0.000543106615756766,UP
aids_clinical_trial_175,XGBoost,Recall,TVAE,10,0.7336538461538462,0.7567307692307692,0.02307692307692307,0.00814722213528535,0.038006624018560795,0.006759265281174806,1.1057312103011112,0.08099413482909547,0.00390625,0.013518530562349612,0.0078125,0.013518530562349612,UP
aids_clinical_trial_175,XGBoost,Recall,HYBRID,10,0.7336538461538462,0.7528846153846154,0.019230769230769208,0.003680171179485327,0.03478136728205309,0.020796915538646748,0.8846517369293802,0.33801191564326605,0.03125,0.020796915538646748,0.03125,0.020796915538646748,UP
aids_clinical_trial_175,XGBoost,Recall,REAL_CW,10,0.7336538461538462,0.7625,0.028846153846153834,0.020267242142933017,0.03742506554937465,3.304672168659712e-05,2.4053511772118132,0.5495978662587961,0.001953125,,,3.304672168659712e-05,UP
aids_clinical_trial_175,XGBoost,Precision,SMOTE,10,0.8074853387903858,0.7797020120058837,-0.027783326784502127,-0.035111167266898086,-0.02045548630210617,1.2637579258657692e-05,-2.7122580975773203,0.8009497501763062,0.001953125,3.791273777597308e-05,0.0078125,3.791273777597308e-05,DOWN
aids_clinical_trial_175,XGBoost,Precision,CTGAN,10,0.8074853387903858,0.7552173566095413,-0.052267982180844566,-0.06459176482168447,-0.039944199540004666,5.045450641307459e-06,-3.0339923304319623,0.023169114839887095,0.001953125,2.0181802565229835e-05,0.0078125,0.0078125,DOWN
aids_clinical_trial_175,XGBoost,Precision,TVAE,10,0.8074853387903858,0.7709767419396373,-0.0365085968507485,-0.049567832535993867,-0.023449361165503127,0.00013700707354177572,-1.9998625887416241,0.8749922312291831,0.001953125,0.00027401414708355144,0.0078125,0.00027401414708355144,DOWN
aids_clinical_trial_175,XGBoost,Precision,HYBRID,10,0.8074853387903858,0.7725772377033303,-0.03490810108705542,-0.04841384206527057,-0.021402360108840272,0.00024468233375225004,-1.8489730572522285,0.27474712626542386,0.001953125,0.00027401414708355144,0.0078125,0.00027401414708355144,DOWN
aids_clinical_trial_175,XGBoost,Precision,REAL_CW,10,0.8074853387903858,0.7806069577040733,-0.02687838108631241,-0.03397061238640122,-0.019786149786223596,1.268200947376423e-05,-2.7110841028498465,0.9474952869450004,0.001953125,,,1.268200947376423e-05,DOWN
aids_clinical_trial_175,XGBoost,F1,SMOTE,10,0.7687218784609027,0.7690119470902758,0.0002900686293731525,-0.0059227371698401775,0.006502874428586483,0.9182024149930956,0.03339917646448951,0.34913095385682413,0.751953125,0.9182024149930956,0.751953125,0.9182024149930956,ns
aids_clinical_trial_175,XGBoost,F1,CTGAN,10,0.7687218784609027,0.7577376661566066,-0.01098421230429597,-0.020225265816264174,-0.0017431587923277675,0.02484235588288177,-0.8502961397582596,0.24920447286418934,0.02734375,0.09936942353152708,0.109375,0.09936942353152708,ns
aids_clinical_trial_175,XGBoost,F1,TVAE,10,0.7687218784609027,0.7637127226989343,-0.005009155761968287,-0.017067442556655925,0.007049131032719353,0.3718924365937381,-0.29716776756258795,0.42865273779595275,0.275390625,0.7437848731874762,0.55078125,0.7437848731874762,ns
aids_clinical_trial_175,XGBoost,F1,HYBRID,10,0.7687218784609027,0.7624559885958598,-0.006265889865042717,-0.01599145029316441,0.0034596705630789764,0.1789847262181611,-0.4608832180044954,0.013367385318800258,0.083984375,0.5369541786544834,0.251953125,0.251953125,ns
aids_clinical_trial_175,XGBoost,F1,REAL_CW,10,0.7687218784609027,0.7713753826671678,0.0026535042062652003,-0.0038637886062039273,0.009170797018734328,0.38105865599070726,0.2912562951510029,0.35309809194298747,0.322265625,,,0.38105865599070726,ns
aids_clinical_trial_175,XGBoost,BalancedAcc,SMOTE,10,0.8387405033238367,0.8449133428300094,0.006172839506172834,0.0016228268132221502,0.010722852199123518,0.013375860635771526,0.9704991322399253,0.10147307879339496,0.005859375,0.0535034425430861,0.0234375,0.0535034425430861,ns
aids_clinical_trial_175,XGBoost,BalancedAcc,CTGAN,10,0.8387405033238367,0.8406279677113011,0.0018874643874644103,-0.003936340043130926,0.007711268818059747,0.48212353697739985,0.23184341102751133,0.6052741852665651,0.75,1.0,1.0,1.0,ns
aids_clinical_trial_175,XGBoost,BalancedAcc,TVAE,10,0.8387405033238367,0.8422542735042736,0.0035137701804368706,-0.004796017618479388,0.011823557979353128,0.3637831152808038,0.30248663689067024,0.1541348452906835,0.625,1.0,1.0,1.0,ns
aids_clinical_trial_175,XGBoost,BalancedAcc,HYBRID,10,0.8387405033238367,0.8407941595441596,0.002053656220322897,-0.005105578218696444,0.009212890659342238,0.5326041253956468,0.20520310826681512,0.0065603402996371775,0.4921875,1.0,1.0,1.0,ns
aids_clinical_trial_175,XGBoost,BalancedAcc,REAL_CW,10,0.8387405033238367,0.8468364197530864,0.008095916429249773,0.0035144382160487804,0.012677394642450764,0.003122413473402698,1.26410504608267,0.6253070438507077,0.005859375,,,0.003122413473402698,UP
aids_clinical_trial_175,XGBoost,Specificity,SMOTE,10,0.9438271604938271,0.9311728395061728,-0.012654320987654278,-0.015495179755064425,-0.00981346222024413,3.358040443658194e-06,-3.1864857249276564,0.3915061823146087,0.001953125,1.1970162330087698e-05,0.0078125,1.1970162330087698e-05,DOWN
aids_clinical_trial_175,XGBoost,Specificity,CTGAN,10,0.9438271604938271,0.920679012345679,-0.023148148148148105,-0.0282735435921422,-0.01802275270415401,2.9925405825219245e-06,-3.2308117137798096,0.010973460391300796,0.001953125,1.1970162330087698e-05,0.0078125,0.0078125,DOWN
aids_clinical_trial_175,XGBoost,Specificity,TVAE,10,0.9438271604938271,0.9277777777777777,-0.01604938271604931,-0.02090897410513177,-0.01118979132696685,3.806815559457591e-05,-2.362551877979978,0.6366995482312969,0.001953125,7.613631118915182e-05,0.0078125,7.613631118915182e-05,DOWN
aids_clinical_trial_175,XGBoost,Specificity,HYBRID,10,0.9438271604938271,0.9287037037037038,-0.01512345679012339,-0.020960351132690454,-0.009286562447556327,0.00024036000199196726,-1.8534975317380271,0.14965006335521097,0.001953125,0.00024036000199196726,0.0078125,0.00024036000199196726,DOWN
aids_clinical_trial_175,XGBoost,Specificity,REAL_CW,10,0.9438271604938271,0.9311728395061728,-0.012654320987654243,-0.0152976508624128,-0.010010991112895686,1.8363157222625886e-06,-3.424603185296664,0.6914890200296748,0.001953125,,,1.8363157222625886e-06,DOWN
aids_clinical_trial_175,XGBoost,GMean,SMOTE,10,0.8320954713224479,0.8404906470903679,0.008395175767919904,0.003245693390882768,0.01354465814495704,0.00501302667881491,1.1662428420377466,0.054771690478430266,0.00390625,0.02005210671525964,0.015625,0.02005210671525964,UP
aids_clinical_trial_175,XGBoost,GMean,CTGAN,10,0.8320954713224479,0.8367718897500411,0.004676418427593343,-0.001580987406546293,0.010933824261732977,0.12517188885137093,0.5346158305948105,0.6632069493700173,0.193359375,0.3755156665541128,0.580078125,0.3755156665541128,ns
aids_clinical_trial_175,XGBoost,GMean,TVAE,10,0.8320954713224479,0.8378685990939798,0.005773127771531927,-0.003304252079907646,0.0148505076229715,0.18408564735989238,0.4549602294941364,0.10941604687344741,0.322265625,0.3755156665541128,0.580078125,0.3755156665541128,ns
aids_clinical_trial_175,XGBoost,GMean,HYBRID,10,0.8320954713224479,0.8361507948919901,0.004055323569542124,-0.004091163365459395,0.012201810504543643,0.2892526488844017,0.3561048761955726,0.010833045062392029,0.275390625,0.3755156665541128,0.580078125,0.580078125,ns
aids_clinical_trial_175,XGBoost,GMean,REAL_CW,10,0.8320954713224479,0.8425942806609769,0.010498809338528836,0.00545396233939731,0.015543656337660363,0.0011079908225351636,1.4887261726825072,0.6586907258797366,0.00390625,,,0.0011079908225351636,UP
cdc_diabetes,CatBoost,AUC_PR,SMOTE,10,0.42423380223208235,0.41820415472650596,-0.006029647505576441,-0.006449808295084948,-0.005609486716067934,1.2279185480365016e-10,-10.265950777388191,0.941367001145681,0.001953125,3.683755644109505e-10,0.0078125,3.683755644109505e-10,DOWN
cdc_diabetes,CatBoost,AUC_PR,CTGAN,10,0.42423380223208235,0.34824811023257196,-0.07598569199951037,-0.08167512766221452,-0.07029625633680622,2.332217899736314e-10,-9.554003727141918,0.4437561285084702,0.001953125,4.664435799472628e-10,0.0078125,4.664435799472628e-10,DOWN
cdc_diabetes,CatBoost,AUC_PR,TVAE,10,0.42423380223208235,0.32219690118679145,-0.10203690104529092,-0.10812218330146836,-0.09595161878911349,3.053498907435926e-11,-11.99497389829306,0.9448013958044227,0.001953125,1.2213995629743704e-10,0.0078125,1.2213995629743704e-10,DOWN
cdc_diabetes,CatBoost,AUC_PR,HYBRID,10,0.42423380223208235,0.41382138063321444,-0.01041242159886786,-0.012354325986113858,-0.008470517211621861,7.026194421318094e-07,-3.835718044384155,0.044053751079105224,0.001953125,7.026194421318094e-07,0.0078125,0.0078125,DOWN
cdc_diabetes,CatBoost,AUC_PR,REAL_CW,10,0.42423380223208235,0.4236730030915236,-0.0005607991405587376,-0.0009280064126987865,-0.00019359186841868864,0.007220173025584602,-1.0924934457945696,0.05505389695382093,0.01953125,,,0.007220173025584602,DOWN
cdc_diabetes,CatBoost,Recall,SMOTE,10,0.1617343330032536,0.2549299759513368,0.09319564294808322,0.09222758421601505,0.09416370168015138,4.617252597668067e-18,68.86787400476973,0.2734792407630845,0.001953125,1.8469010390672267e-17,0.0078125,1.8469010390672267e-17,UP
cdc_diabetes,CatBoost,Recall,CTGAN,10,0.1617343330032536,0.5834913000424388,0.42175696703918514,0.40409085726128263,0.43942307681708764,1.2864706323735318e-12,17.078279417809924,0.7259465693155065,0.001953125,3.8594118971205955e-12,0.0078125,3.8594118971205955e-12,UP
cdc_diabetes,CatBoost,Recall,TVAE,10,0.1617343330032536,0.4581694723440373,0.29643513934078375,0.26575507387380637,0.32711520480776113,4.143261851866845e-09,6.911879778354916,0.5883978901722542,0.001953125,8.28652370373369e-09,0.0078125,8.28652370373369e-09,UP
cdc_diabetes,CatBoost,Recall,HYBRID,10,0.1617343330032536,0.1781157165086999,0.016381383505446323,0.013516019752696624,0.01924674725819602,4.0595436033343885e-07,4.089720130203176,0.6604045615723038,0.001953125,4.0595436033343885e-07,0.0078125,4.0595436033343885e-07,UP
cdc_diabetes,CatBoost,Recall,REAL_CW,10,0.1617343330032536,0.7937756401188286,0.632041307115575,0.6306992522302795,0.6333833620008706,2.879884754262648e-24,336.89763277024923,0.6235080125369226,0.001953125,,,2.879884754262648e-24,UP
cdc_diabetes,CatBoost,Precision,SMOTE,10,0.5581407989892726,0.5020790786471285,-0.056061720342144086,-0.05875577939367265,-0.05336766129061552,4.411951389784461e-12,-14.886139479605847,0.8074001033416689,0.001953125,8.823902779568922e-12,0.0078125,8.823902779568922e-12,DOWN
cdc_diabetes,CatBoost,Precision,CTGAN,10,0.5581407989892726,0.3256021964294235,-0.23253860255984912,-0.23916954587058548,-0.22590765924911277,4.067702823047891e-14,-25.086641138466206,0.46901926700494934,0.001953125,1.6270811292191565e-13,0.0078125,1.6270811292191565e-13,DOWN
cdc_diabetes,CatBoost,Precision,TVAE,10,0.5581407989892726,0.32568913631743496,-0.23245166267183767,-0.23993374882661522,-0.22496957651706012,1.2082085693063542e-13,-22.22453721553097,0.21430847155347071,0.001953125,3.6246257079190627e-13,0.0078125,3.6246257079190627e-13,DOWN
cdc_diabetes,CatBoost,Precision,HYBRID,10,0.5581407989892726,0.5319734647297923,-0.02616733425948038,-0.029795256012240545,-0.022539412506720213,5.422119683148581e-08,-5.15969873361255,0.8730598126843561,0.001953125,5.422119683148581e-08,0.0078125,5.422119683148581e-08,DOWN
cdc_diabetes,CatBoost,Precision,REAL_CW,10,0.5581407989892726,0.3079068056817739,-0.2502339933074987,-0.2523000980649581,-0.24816788855003927,5.850690714611326e-19,-86.63966073107137,0.6451302860086656,0.001953125,,,5.850690714611326e-19,DOWN
cdc_diabetes,CatBoost,F1,SMOTE,10,0.25079253789534484,0.33815658568528917,0.0873640477899443,0.08621381838330902,0.08851427719657959,3.8966354941131734e-17,54.333922050302924,0.665297049609546,0.001953125,1.5586541976452694e-16,0.0078125,1.5586541976452694e-16,UP
cdc_diabetes,CatBoost,F1,CTGAN,10,0.25079253789534484,0.4176293614736668,0.16683682357832194,0.16247213631020063,0.17120151084644325,1.8749061493692215e-14,27.34396912893439,0.5150218113571343,0.001953125,5.6247184481076646e-14,0.0078125,5.6247184481076646e-14,UP
cdc_diabetes,CatBoost,F1,TVAE,10,0.25079253789534484,0.37965097264067077,0.12885843474532588,0.11927975859747628,0.13843711089317548,2.1863315206508987e-10,9.623435406398341,0.795249870043705,0.001953125,4.3726630413017974e-10,0.0078125,4.3726630413017974e-10,UP
cdc_diabetes,CatBoost,F1,HYBRID,10,0.25079253789534484,0.26685848071987656,0.01606594282453174,0.01265981631787517,0.019472069331188314,2.0802376516918407e-06,3.3741797693063242,0.6799553587822719,0.001953125,2.0802376516918407e-06,0.0078125,2.0802376516918407e-06,UP
cdc_diabetes,CatBoost,F1,REAL_CW,10,0.25079253789534484,0.4437011331406987,0.1929085952453538,0.19146355970099796,0.19435363078970966,2.436313124031503e-19,95.49834007119735,0.32086607874695766,0.001953125,,,2.436313124031503e-19,UP
cdc_diabetes,CatBoost,BalancedAcc,SMOTE,10,0.5705035051555302,0.6070010220517441,0.036497516896213965,0.03604137415741975,0.03695365963500818,2.4390173798395726e-17,57.23811548881519,0.5162318095125671,0.001953125,9.75606951935829e-17,0.0078125,9.75606951935829e-17,UP
cdc_diabetes,CatBoost,BalancedAcc,CTGAN,10,0.5705035051555302,0.6937402912834999,0.1232367861279696,0.11856980159507469,0.1279037706608645,5.204202881274018e-13,18.88977462961263,0.8980572287887385,0.001953125,1.5612608643822055e-12,0.0078125,1.5612608643822055e-12,UP
cdc_diabetes,CatBoost,BalancedAcc,TVAE,10,0.5705035051555302,0.6521009726892972,0.08159746753376694,0.0721442814111143,0.09105065365641958,1.1215599514079506e-08,6.174776541225855,0.7377496798275873,0.001953125,2.2431199028159013e-08,0.0078125,2.2431199028159013e-08,UP
cdc_diabetes,CatBoost,BalancedAcc,HYBRID,10,0.5705035051555302,0.5763720772297776,0.005868572074247425,0.004579128985218679,0.007158015163276171,2.8062402039108177e-06,3.2557649090675733,0.6778467184605967,0.001953125,2.8062402039108177e-06,0.0078125,2.8062402039108177e-06,UP
cdc_diabetes,CatBoost,BalancedAcc,REAL_CW,10,0.5705035051555302,0.7524709835467159,0.1819674783911857,0.18140699718199738,0.18252795960037405,8.189204956571674e-23,232.24987777504512,0.47581318903843084,0.001953125,,,8.189204956571674e-23,UP
cdc_diabetes,CatBoost,Specificity,SMOTE,10,0.9792726773078069,0.9590720681521516,-0.02020060915565528,-0.020533348984978432,-0.01986786932633213,2.9240257874596217e-16,-43.42926211661324,0.8781226853564678,0.001953125,1.1696103149838487e-15,0.0078125,1.1696103149838487e-15,DOWN
cdc_diabetes,CatBoost,Specificity,CTGAN,10,0.9792726773078069,0.8039892825245609,-0.17528339478324592,-0.18564631918530125,-0.1649204703811906,2.8245630154270038e-11,-12.099884366164833,0.07555070313428502,0.001953125,8.473689046281011e-11,0.0078125,8.473689046281011e-11,DOWN
cdc_diabetes,CatBoost,Specificity,TVAE,10,0.9792726773078069,0.8460324730345569,-0.13324020427324984,-0.1458912730019844,-0.1205891355445153,1.9303729574220463e-09,-7.53409078106758,0.10579057654043272,0.001953125,3.860745914844093e-09,0.0078125,3.860745914844093e-09,DOWN
cdc_diabetes,CatBoost,Specificity,HYBRID,10,0.9792726773078069,0.9746284379508554,-0.0046442393569514516,-0.0051060995040375255,-0.004182379209865378,2.909969545857443e-09,-7.193278566978908,0.0702660987689956,0.001953125,3.860745914844093e-09,0.0078125,3.860745914844093e-09,DOWN
cdc_diabetes,CatBoost,Specificity,REAL_CW,10,0.9792726773078069,0.7111663269746032,-0.26810635033320357,-0.2684212958272664,-0.2677914048391407,1.39802918870666e-26,-608.9680051341892,0.7746070789761086,0.001953125,,,1.39802918870666e-26,DOWN
cdc_diabetes,CatBoost,GMean,SMOTE,10,0.39796793116311524,0.4944628387938713,0.0964949076307561,0.09544278368551104,0.09754703157600117,7.142611373510111e-18,65.60852347922196,0.7172553621037053,0.001953125,2.8570445494040444e-17,0.0078125,2.8570445494040444e-17,UP
cdc_diabetes,CatBoost,GMean,CTGAN,10,0.39796793116311524,0.6846505113567053,0.28668258019359005,0.28010579209689046,0.29325936829028965,5.75486373535756e-15,31.182449631589794,0.8898807859845639,0.001953125,1.726459120607268e-14,0.0078125,1.726459120607268e-14,UP
cdc_diabetes,CatBoost,GMean,TVAE,10,0.39796793116311524,0.6216338600496607,0.2236659288865454,0.20684899048958413,0.24048286728350668,2.420535914595079e-10,9.51427442275968,0.4307735453862594,0.001953125,4.841071829190158e-10,0.0078125,4.841071829190158e-10,UP
cdc_diabetes,CatBoost,GMean,HYBRID,10,0.39796793116311524,0.41663330684114486,0.018665375678029617,0.015334516537590527,0.021996234818468706,4.819335356995736e-07,4.008697105112403,0.5874331995470848,0.001953125,4.819335356995736e-07,0.0078125,4.819335356995736e-07,UP
cdc_diabetes,CatBoost,GMean,REAL_CW,10,0.39796793116311524,0.7513363320990786,0.3533684009359634,0.351994620251104,0.35474218162082277,6.657725596333052e-22,184.00646387543912,0.2695962600900571,0.001953125,,,6.657725596333052e-22,UP
cdc_diabetes,XGBoost,AUC_PR,SMOTE,10,0.4218909594986803,0.4116936561949715,-0.010197303303708872,-0.010985461111056775,-0.009409145496360969,3.095610052568862e-10,-9.255394379879101,0.6285508873041132,0.001953125,6.191220105137724e-10,0.0078125,6.191220105137724e-10,DOWN
cdc_diabetes,XGBoost,AUC_PR,CTGAN,10,0.4218909594986803,0.33715442584591165,-0.0847365336527687,-0.08992707472296592,-0.07954599258257149,3.879332740405935e-11,-11.678332512302147,0.3013709949471614,0.001953125,1.1637998221217805e-10,0.0078125,1.1637998221217805e-10,DOWN
cdc_diabetes,XGBoost,AUC_PR,TVAE,10,0.4218909594986803,0.3189492835766127,-0.10294167592206763,-0.10892194090707116,-0.09696141093706409,2.4144267250946388e-11,-12.31384210694831,0.47412709357103383,0.001953125,9.657706900378555e-11,0.0078125,9.657706900378555e-11,DOWN
cdc_diabetes,XGBoost,AUC_PR,HYBRID,10,0.4218909594986803,0.4143199650452344,-0.007570994453445917,-0.009242095415387631,-0.0058998934915042035,2.9152137545251433e-06,-3.2409550892994083,0.7232813550257602,0.001953125,2.9152137545251433e-06,0.0078125,2.9152137545251433e-06,DOWN
cdc_diabetes,XGBoost,AUC_PR,REAL_CW,10,0.4218909594986803,0.4228256128930923,0.0009346533944119606,0.0003697880331893239,0.0014995187556345972,0.00460360140220421,1.183663942385011,0.8353823307548811,0.005859375,,,0.00460360140220421,UP
cdc_diabetes,XGBoost,Recall,SMOTE,10,0.16698260008487759,0.3372046965624557,0.17022209647757816,0.1684320365354638,0.17201215641969253,5.158044723982344e-18,68.02540484773364,0.0003191803863125701,0.001953125,2.0632178895929377e-17,0.0078125,0.0078125,UP
cdc_diabetes,XGBoost,Recall,CTGAN,10,0.16698260008487759,0.5591031263262131,0.3921205262413355,0.3749288301875373,0.40931222229513364,1.937590448267302e-12,16.31637306417003,0.7913592533927102,0.001953125,5.812771344801906e-12,0.0078125,5.812771344801906e-12,UP
cdc_diabetes,XGBoost,Recall,TVAE,10,0.16698260008487759,0.4341208091667846,0.2671382090819069,0.2381049033888109,0.29617151477500286,6.383735616246137e-09,6.582066979745267,0.6356942869550184,0.001953125,1.2767471232492274e-08,0.0078125,1.2767471232492274e-08,UP
cdc_diabetes,XGBoost,Recall,HYBRID,10,0.16698260008487759,0.17882303013156026,0.011840430046682681,0.008447023137773409,0.015233836955591953,2.463935158631032e-05,2.4960559198836347,0.739822407025641,0.001953125,2.463935158631032e-05,0.0078125,2.463935158631032e-05,UP
cdc_diabetes,XGBoost,Recall,REAL_CW,10,0.16698260008487759,0.7852454378271324,0.6182628377422549,0.6169243485455213,0.6196013269389885,3.428678508981095e-24,330.4311994174074,0.829050508474822,0.001953125,,,3.428678508981095e-24,UP
cdc_diabetes,XGBoost,Precision,SMOTE,10,0.5518190390348796,0.45985905635194896,-0.09195998268293068,-0.09568144347810753,-0.08823852188775383,9.44250118167405e-13,-17.676985545685724,0.38102325712748475,0.001953125,1.88850023633481e-12,0.0078125,1.88850023633481e-12,DOWN
cdc_diabetes,XGBoost,Precision,CTGAN,10,0.5518190390348796,0.3247398223698895,-0.22707921666499006,-0.23330275211516863,-0.2208556812148115,2.8481205868786544e-14,-26.101351417392276,0.3055678518506485,0.001953125,1.1392482347514617e-13,0.0078125,1.1392482347514617e-13,DOWN
cdc_diabetes,XGBoost,Precision,TVAE,10,0.5518190390348796,0.3263399176363017,-0.2254791213985778,-0.23210678886193872,-0.21885145393521685,5.342660830738451e-14,-24.337075982818696,0.3808062793848172,0.001953125,1.6027982492215354e-13,0.0078125,1.6027982492215354e-13,DOWN
cdc_diabetes,XGBoost,Precision,HYBRID,10,0.5518190390348796,0.5297196162707996,-0.02209942276408009,-0.02621082459086544,-0.017988020937294742,6.880480607225791e-07,-3.8451543678499633,0.9248753366958371,0.001953125,6.880480607225791e-07,0.0078125,6.880480607225791e-07,DOWN
cdc_diabetes,XGBoost,Precision,REAL_CW,10,0.5518190390348796,0.31041545817842114,-0.24140358085645852,-0.24352687381767324,-0.2392802878952438,1.0335227907666691e-18,-81.3310842385694,0.8905039710503115,0.001953125,,,1.0335227907666691e-18,DOWN
cdc_diabetes,XGBoost,F1,SMOTE,10,0.25638085690094414,0.3890787567491741,0.13269789984822988,0.13120954672318824,0.13418625297327152,9.21192154532978e-18,63.77946030890918,0.4738979170711588,0.001953125,3.684768618131912e-17,0.0078125,3.684768618131912e-17,UP
cdc_diabetes,XGBoost,F1,CTGAN,10,0.25638085690094414,0.41051902463908957,0.1541381677381454,0.14887465859742766,0.15940167687886314,2.0550038518008115e-13,20.9487244758753,0.1318719607330513,0.001953125,6.165011555402434e-13,0.0078125,6.165011555402434e-13,UP
cdc_diabetes,XGBoost,F1,TVAE,10,0.25638085690094414,0.3714983293845554,0.11511747248361123,0.10529688550796033,0.12493805945926213,7.456478976618766e-10,8.385453857617424,0.5757425701628379,0.001953125,1.4912957953237531e-09,0.0078125,1.4912957953237531e-09,UP
cdc_diabetes,XGBoost,F1,HYBRID,10,0.25638085690094414,0.2673431519233786,0.010962295022434437,0.007312094042455442,0.014612496002413431,7.961593833485302e-05,2.148362101867455,0.5819386528144206,0.001953125,7.961593833485302e-05,0.0078125,7.961593833485302e-05,UP
cdc_diabetes,XGBoost,F1,REAL_CW,10,0.25638085690094414,0.44494091763557436,0.18856006073463008,0.1872579012306778,0.18986222023858237,1.1720526898232212e-19,103.58772579500224,0.852850111509845,0.001953125,,,1.1720526898232212e-19,UP
cdc_diabetes,XGBoost,BalancedAcc,SMOTE,10,0.5725139029233328,0.6365392342591976,0.06402533133586466,0.06337673540951055,0.06467392726221877,3.685077874088193e-18,70.61555749452151,0.014228405114224078,0.001953125,1.474031149635277e-17,0.0078125,0.0078125,UP
cdc_diabetes,XGBoost,BalancedAcc,CTGAN,10,0.5725139029233328,0.6852732752111061,0.11275937228777326,0.10791125275031915,0.11760749182522737,1.6262410843130585e-12,16.638037708396592,0.8795586120451667,0.001953125,4.878723252939175e-12,0.0078125,4.878723252939175e-12,UP
cdc_diabetes,XGBoost,BalancedAcc,TVAE,10,0.5725139029233328,0.6442914944224011,0.07177759149906826,0.06304027552219478,0.08051490747594174,1.733617301696436e-08,5.876701255706832,0.5758318726292625,0.001953125,3.467234603392872e-08,0.0078125,3.467234603392872e-08,UP
cdc_diabetes,XGBoost,BalancedAcc,HYBRID,10,0.5725139029233328,0.5765551246565466,0.0040412217332137625,0.0026565803847340237,0.005425863081693501,9.900798508971947e-05,2.087844537206167,0.5835688323018178,0.001953125,9.900798508971947e-05,0.0078125,9.900798508971947e-05,UP
cdc_diabetes,XGBoost,BalancedAcc,REAL_CW,10,0.5725139029233328,0.7514257051503126,0.1789118022269797,0.17837718018958235,0.17944642426437704,6.234602346648057e-23,239.39490767307205,0.766357816890573,0.001953125,,,6.234602346648057e-23,UP
cdc_diabetes,XGBoost,Specificity,SMOTE,10,0.9780452057617881,0.9358737719559393,-0.04217143380584883,-0.043078674187365856,-0.04126419342433181,3.2289131052983575e-15,-33.252076321001574,0.6639219396402299,0.001953125,1.291565242119343e-14,0.0078125,1.291565242119343e-14,DOWN
cdc_diabetes,XGBoost,Specificity,CTGAN,10,0.9780452057617881,0.8114434240959992,-0.16660178166578882,-0.17644158076027758,-0.15676198257130006,2.799357156916641e-11,-12.1120089868899,0.054264717915270724,0.001953125,8.398071470749923e-11,0.0078125,8.398071470749923e-11,DOWN
cdc_diabetes,XGBoost,Specificity,TVAE,10,0.9780452057617881,0.8544621796780177,-0.12358302608377036,-0.1359017466741975,-0.11126430549334324,2.9706032082757243e-09,-7.176554620329496,0.35003152630639,0.001953125,5.941206416551449e-09,0.0078125,5.941206416551449e-09,DOWN
cdc_diabetes,XGBoost,Specificity,HYBRID,10,0.9780452057617881,0.974287219181533,-0.003757986580255124,-0.004510432332447401,-0.0030055408280628463,1.2845119893171818e-06,-3.5727514507167077,0.4181990105229457,0.001953125,1.2845119893171818e-06,0.0078125,1.2845119893171818e-06,DOWN
cdc_diabetes,XGBoost,Specificity,REAL_CW,10,0.9780452057617881,0.7176059724734924,-0.26043923328829555,-0.26096952302322346,-0.25990894355336763,1.9743048829216985e-24,-351.3305875019703,0.3511308278218839,0.001953125,,,1.9743048829216985e-24,DOWN
cdc_diabetes,XGBoost,GMean,SMOTE,10,0.4041204866659586,0.5617599878474483,0.15763950118148967,0.1562072842744317,0.15907171808854764,1.3835716625067472e-18,78.73703017205456,0.003925152616500727,0.001953125,5.5342866500269886e-18,0.0078125,0.0078125,UP
cdc_diabetes,XGBoost,GMean,CTGAN,10,0.4041204866659586,0.6733028731450068,0.2691823864790482,0.26187401381628156,0.2764907591418148,2.61716105989902e-14,26.348065160179786,0.978501813800496,0.001953125,7.85148317969706e-14,0.0078125,7.85148317969706e-14,UP
cdc_diabetes,XGBoost,GMean,TVAE,10,0.4041204866659586,0.6081510896531893,0.20403060298723066,0.18714596710472453,0.2209152388697368,5.689320290726307e-10,8.644231471256985,0.44736916231046914,0.001953125,1.1378640581452614e-09,0.0078125,1.1378640581452614e-09,UP
cdc_diabetes,XGBoost,GMean,HYBRID,10,0.4041204866659586,0.41737726971860195,0.013256783052643373,0.009406749187868631,0.017106816917418118,2.7379354599782876e-05,2.4631812708011482,0.709526905330306,0.001953125,2.7379354599782876e-05,0.0078125,2.7379354599782876e-05,UP
cdc_diabetes,XGBoost,GMean,REAL_CW,10,0.4041204866659586,0.7506640167794896,0.34654353011353095,0.34530419903567156,0.34778286119139035,3.140449460256593e-22,200.02912209249894,0.9605585845316537,0.001953125,,,3.140449460256593e-22,UP
credit_card_default,CatBoost,AUC_PR,SMOTE,10,0.5592758367680548,0.551479302636103,-0.0077965341319518044,-0.009401439653557723,-0.006191628610345885,1.6230456460897359e-06,-3.4751606613870316,0.40315746497127647,0.001953125,1.6230456460897359e-06,0.0078125,1.6230456460897359e-06,DOWN
credit_card_default,CatBoost,AUC_PR,CTGAN,10,0.5592758367680548,0.530024604242437,-0.029251232525617742,-0.032305097117519374,-0.02619736793371611,4.474831478597925e-09,-6.851997056727523,0.16053359367559716,0.001953125,1.3424494435793773e-08,0.0078125,1.3424494435793773e-08,DOWN
credit_card_default,CatBoost,AUC_PR,TVAE,10,0.5592758367680548,0.5250475179311562,-0.034228318836898544,-0.03724109435892303,-0.031215543314874056,9.848035847883351e-10,-8.1272116295235,0.5430396173945731,0.001953125,3.9392143391533405e-09,0.0078125,3.9392143391533405e-09,DOWN
credit_card_default,CatBoost,AUC_PR,HYBRID,10,0.5592758367680548,0.5327799909030418,-0.02649584586501298,-0.03145279921860567,-0.021538892511420285,7.216462268761501e-07,-3.8237169017000876,0.9553972138233751,0.001953125,1.4432924537523002e-06,0.0078125,1.4432924537523002e-06,DOWN
credit_card_default,CatBoost,AUC_PR,REAL_CW,10,0.5592758367680548,0.5597526603431817,0.0004768235751269723,-0.0013634207010516067,0.002317067851305551,0.5721829212780157,0.18535530408225062,0.5837940304544553,0.556640625,,,0.5721829212780157,ns
credit_card_default,CatBoost,Recall,SMOTE,10,0.36480783722682736,0.4669178598342124,0.10211002260738508,0.09753402712782706,0.1066860180869431,2.3586113318947682e-12,15.96267089146442,0.47344263389769287,0.001953125,9.434445327579073e-12,0.0078125,9.434445327579073e-12,UP
credit_card_default,CatBoost,Recall,CTGAN,10,0.36480783722682736,0.39487565938206476,0.030067822155237418,0.026730660892344014,0.03340498341813082,7.683477386909511e-09,6.445365546284033,0.8598157945893056,0.001953125,1.5366954773819022e-08,0.0078125,1.5366954773819022e-08,UP
credit_card_default,CatBoost,Recall,TVAE,10,0.36480783722682736,0.4351921627731725,0.07038432554634518,0.06625373638588199,0.07451491470680836,2.6439959834406517e-11,12.189523430119946,0.7192684784246297,0.001953125,7.931987950321954e-11,0.0078125,7.931987950321954e-11,UP
credit_card_default,CatBoost,Recall,HYBRID,10,0.36480783722682736,0.3957799547852298,0.03097211755840242,0.027374221400092207,0.03457001371671263,1.1486446256762877e-08,6.1580760569655535,0.7823924137178134,0.001953125,1.5366954773819022e-08,0.0078125,1.5366954773819022e-08,UP
credit_card_default,CatBoost,Recall,REAL_CW,10,0.36480783722682736,0.6129615674453655,0.24815373021853815,0.2453462643423452,0.2509611960947311,9.956554608563185e-18,63.230861026505295,0.6087172089259976,0.001953125,,,9.956554608563185e-18,UP
credit_card_default,CatBoost,Precision,SMOTE,10,0.6612526496151908,0.5637755299218716,-0.09747711969331913,-0.10216100502040558,-0.09279323436623267,4.408570898286981e-12,-14.887412025972907,0.43479610782085265,0.001953125,1.7634283593147922e-11,0.0078125,1.7634283593147922e-11,DOWN
credit_card_default,CatBoost,Precision,CTGAN,10,0.6612526496151908,0.6317682581936195,-0.0294843914215711,-0.03466799877185475,-0.024300784071287447,4.240774165143723e-07,-4.068954609497755,0.860213350366215,0.001953125,8.481548330287446e-07,0.0078125,8.481548330287446e-07,DOWN
credit_card_default,CatBoost,Precision,TVAE,10,0.6612526496151908,0.5771424232834818,-0.08411022633170886,-0.08931341852556596,-0.07890703413785177,4.236794344863412e-11,-11.563830246397405,0.6174204116943728,0.001953125,1.2710383034590238e-10,0.0078125,1.2710383034590238e-10,DOWN
credit_card_default,CatBoost,Precision,HYBRID,10,0.6612526496151908,0.6225701606625073,-0.03868248895268341,-0.04743036932417625,-0.029934608581190576,3.5690354407313857e-06,-3.1632560617325636,0.550506112251542,0.001953125,3.5690354407313857e-06,0.0078125,3.5690354407313857e-06,DOWN
credit_card_default,CatBoost,Precision,REAL_CW,10,0.6612526496151908,0.4825077807051734,-0.17874486891001728,-0.18116730623443655,-0.17632243158559802,5.055484031976479e-17,-52.78418355457559,0.5970131340182687,0.001953125,,,5.055484031976479e-17,DOWN
credit_card_default,CatBoost,F1,SMOTE,10,0.4702017636820117,0.5107747898013275,0.04057302611931578,0.03678836861573825,0.04435768362289331,1.6492383854112278e-09,7.66890911612079,0.6004754634733027,0.001953125,6.596953541644911e-09,0.0078125,6.596953541644911e-09,UP
credit_card_default,CatBoost,F1,CTGAN,10,0.4702017636820117,0.48596566785159717,0.01576390416958536,0.012878492194060611,0.018649316145110104,5.988296144249126e-07,3.9082175468970313,0.613781432112448,0.001953125,1.1976592288498253e-06,0.0078125,1.1976592288498253e-06,UP
credit_card_default,CatBoost,F1,TVAE,10,0.4702017636820117,0.4961745982400556,0.025972834558043906,0.02276756984502008,0.029178099271067733,1.9556767600170078e-08,5.796665246784606,0.7310730643717768,0.001953125,5.867030280051024e-08,0.0078125,5.867030280051024e-08,UP
credit_card_default,CatBoost,F1,HYBRID,10,0.4702017636820117,0.48386438836791823,0.01366262468590646,0.009909851649751281,0.01741539772206164,1.7537686845596808e-05,2.604381567599902,0.7537115670898562,0.001953125,1.7537686845596808e-05,0.0078125,1.7537686845596808e-05,UP
credit_card_default,CatBoost,F1,REAL_CW,10,0.4702017636820117,0.5399631948991649,0.06976143121715313,0.06733589363725534,0.07218696879705092,2.416162321025881e-13,20.574540673037525,0.6695673536086396,0.001953125,,,2.416162321025881e-13,UP
credit_card_default,CatBoost,BalancedAcc,SMOTE,10,0.6558685023925706,0.6821535586352745,0.026285056242703896,0.024108400251791846,0.028461712233615946,5.722596877460776e-10,8.63857062648046,0.5915061167635729,0.001953125,2.2890387509843104e-09,0.0078125,2.2890387509843104e-09,UP
credit_card_default,CatBoost,BalancedAcc,CTGAN,10,0.6558685023925706,0.6647500488222116,0.008881546429640974,0.007373729130947843,0.010389363728334107,3.1407028218876047e-07,4.213690597428156,0.700833161565831,0.001953125,6.281405643775209e-07,0.0078125,6.281405643775209e-07,UP
credit_card_default,CatBoost,BalancedAcc,TVAE,10,0.6558685023925706,0.672303977812865,0.016435475420294353,0.014638289982000707,0.018232660858587997,6.737241731344768e-09,6.542024319973176,0.893260263474092,0.001953125,2.0211725194034305e-08,0.0078125,2.0211725194034305e-08,UP
credit_card_default,CatBoost,BalancedAcc,HYBRID,10,0.6558685023925706,0.6637898275959103,0.00792132520333989,0.005988566783924974,0.009854083622754806,6.691850028954118e-06,2.9318587526132998,0.8709691413916718,0.001953125,6.691850028954118e-06,0.0078125,6.691850028954118e-06,UP
credit_card_default,CatBoost,BalancedAcc,REAL_CW,10,0.6558685023925706,0.7131360373071038,0.05726753491453337,0.055842169418755944,0.05869290041031079,1.1978183983297011e-14,28.74120827983383,0.6826203370591837,0.001953125,,,1.1978183983297011e-14,UP
credit_card_default,CatBoost,Specificity,SMOTE,10,0.9469291675583136,0.8973892574363364,-0.049539910121977226,-0.05138715406423893,-0.04769266617971552,4.528432824588355e-13,-19.184643682486453,0.3041263370817048,0.001953125,1.811373129835342e-12,0.0078125,1.811373129835342e-12,DOWN
credit_card_default,CatBoost,Specificity,CTGAN,10,0.9469291675583136,0.9346244382623583,-0.012304729295955408,-0.013861282347225366,-0.01074817624468545,2.4303678453617646e-08,-5.65497788255895,0.2777040255949709,0.001953125,4.860735690723529e-08,0.0078125,4.860735690723529e-08,DOWN
credit_card_default,CatBoost,Specificity,TVAE,10,0.9469291675583136,0.9094157928525572,-0.037513374705756386,-0.03974235538561737,-0.0352843940258954,2.9542642763904536e-11,-12.039337937959035,0.2159455778500703,0.001953125,8.862792829171361e-11,0.0078125,8.862792829171361e-11,DOWN
credit_card_default,CatBoost,Specificity,HYBRID,10,0.9469291675583136,0.9317997004065912,-0.015129467151722576,-0.017790793744680795,-0.012468140558764357,4.2604704878552344e-07,-4.066757097485997,0.5688848391733541,0.001953125,4.2604704878552344e-07,0.0078125,4.2604704878552344e-07,DOWN
credit_card_default,CatBoost,Specificity,REAL_CW,10,0.9469291675583136,0.8133105071688422,-0.13361866038947134,-0.1348158004139891,-0.13242152036495358,1.2201566842371064e-18,-79.84448729350669,0.5054066870969427,0.001953125,,,1.2201566842371064e-18,DOWN
credit_card_default,CatBoost,GMean,SMOTE,10,0.5877440890037481,0.6472973556474955,0.05955326664374753,0.05638871161212731,0.06271782167536774,1.0864956465578226e-11,13.46218983112628,0.29643210267265196,0.001953125,4.3459825862312906e-11,0.0078125,4.3459825862312906e-11,UP
credit_card_default,CatBoost,GMean,CTGAN,10,0.5877440890037481,0.607494052545686,0.01974996354193794,0.017317465555846377,0.022182461528029506,1.9220059692470172e-08,5.808133405731968,0.9252142348398771,0.001953125,3.8440119384940344e-08,0.0078125,3.8440119384940344e-08,UP
credit_card_default,CatBoost,GMean,TVAE,10,0.5877440890037481,0.6290888675188461,0.04134477851509795,0.03859542136719288,0.04409413566300302,8.085292049993595e-11,10.757523030116019,0.969648148633607,0.001953125,2.4255876149980785e-10,0.0078125,2.4255876149980785e-10,UP
credit_card_default,CatBoost,GMean,HYBRID,10,0.5877440890037481,0.6072663644179326,0.01952227541418452,0.016824685443277282,0.022219865385091755,5.265994681104065e-08,5.176989345456925,0.7592242424747062,0.001953125,5.265994681104065e-08,0.0078125,5.265994681104065e-08,UP
credit_card_default,CatBoost,GMean,REAL_CW,10,0.5877440890037481,0.7060628820890027,0.11831879308525468,0.11634362728740623,0.12029395888310314,3.297947527064718e-16,42.85218275440454,0.6371767976272088,0.001953125,,,3.297947527064718e-16,UP
credit_card_default,XGBoost,AUC_PR,SMOTE,10,0.5497829732197992,0.5286082356759484,-0.021174737543850776,-0.02398855120960518,-0.01836092387809637,3.7420763700378386e-08,-5.383261485457603,0.504324644696148,0.001953125,1.1226229110113515e-07,0.0078125,1.1226229110113515e-07,DOWN
credit_card_default,XGBoost,AUC_PR,CTGAN,10,0.5497829732197992,0.5371012508670124,-0.012681722352786662,-0.01629041195474824,-0.009073032750825084,2.3277668158483213e-05,-2.513920194116233,0.08487259402809608,0.001953125,4.655533631696643e-05,0.0078125,4.655533631696643e-05,DOWN
credit_card_default,XGBoost,AUC_PR,TVAE,10,0.5497829732197992,0.5233910909451771,-0.026391882274621935,-0.029280021921152883,-0.023503742628090987,6.783597567526183e-09,-6.536946809131125,0.3955832406843202,0.001953125,2.7134390270104733e-08,0.0078125,2.7134390270104733e-08,DOWN
credit_card_default,XGBoost,AUC_PR,HYBRID,10,0.5497829732197992,0.5338841923790737,-0.01589878084072548,-0.02131697460555099,-0.01048058707589997,9.504454665700968e-05,-2.099094857914025,0.8228205585125548,0.001953125,9.504454665700968e-05,0.0078125,9.504454665700968e-05,DOWN
credit_card_default,XGBoost,AUC_PR,REAL_CW,10,0.5497829732197992,0.5478897981051417,-0.0018931751146574083,-0.00485050605095734,0.0010641558216425231,0.18149927394112897,-0.4579453303174825,0.8862912877446143,0.232421875,,,0.18149927394112897,ns
credit_card_default,XGBoost,Recall,SMOTE,10,0.3655614167294649,0.4694800301431801,0.10391861341371518,0.10123582988795495,0.10660139693947542,1.6638537532274947e-14,27.70961467840795,0.5452158442869716,0.001953125,6.655415012909979e-14,0.0078125,6.655415012909979e-14,UP
credit_card_default,XGBoost,Recall,CTGAN,10,0.3655614167294649,0.3825923134890731,0.017030896759608137,0.01325991656300797,0.020801876956208304,2.9928633753333265e-06,3.23076997933937,0.9620517120893401,0.001953125,5.985726750666653e-06,0.0078125,5.985726750666653e-06,UP
credit_card_default,XGBoost,Recall,TVAE,10,0.3655614167294649,0.4099472494348154,0.04438583270535044,0.03952116749258396,0.04925049791811691,6.8753565213769335e-09,6.527008656156669,0.3668127899982135,0.001953125,2.06260695641308e-08,0.0078125,2.06260695641308e-08,UP
credit_card_default,XGBoost,Recall,HYBRID,10,0.3655614167294649,0.37859834212509413,0.013036925395629262,0.008761521250207124,0.0173123295410514,7.08304616099167e-05,2.181327027147491,0.9532835476108857,0.001953125,7.08304616099167e-05,0.0078125,7.08304616099167e-05,UP
credit_card_default,XGBoost,Recall,REAL_CW,10,0.3655614167294649,0.5910324039186133,0.22547098718914843,0.22165235733834643,0.22928961703995043,3.7551033703481134e-16,42.23824619919769,0.6426574629003499,0.001953125,,,3.7551033703481134e-16,UP
credit_card_default,XGBoost,Precision,SMOTE,10,0.6547423526851983,0.528848351024302,-0.12589400166089648,-0.13285610789412858,-0.11893189542766439,1.5533011562675944e-11,-12.935617540353954,0.7510301776236284,0.001953125,6.213204625070378e-11,0.0078125,6.213204625070378e-11,DOWN
credit_card_default,XGBoost,Precision,CTGAN,10,0.6547423526851983,0.633914344967005,-0.020828007718193486,-0.02611059731991044,-0.015545418116476532,9.191602470586365e-06,-2.820483944839738,0.8927284827986534,0.001953125,1.838320494117273e-05,0.0078125,1.838320494117273e-05,DOWN
credit_card_default,XGBoost,Precision,TVAE,10,0.6547423526851983,0.5861638827850979,-0.06857846990010064,-0.07344644063552362,-0.06371049916467765,1.448543446361859e-10,-10.077727396131452,0.06626362347809372,0.001953125,4.345630339085577e-10,0.0078125,4.345630339085577e-10,DOWN
credit_card_default,XGBoost,Precision,HYBRID,10,0.6547423526851983,0.6296548586197774,-0.025087494065421045,-0.03411478847360212,-0.01606019965723997,0.00014323126278058794,-1.9880277879198012,0.9844265565364081,0.001953125,0.00014323126278058794,0.0078125,0.00014323126278058794,DOWN
credit_card_default,XGBoost,Precision,REAL_CW,10,0.6547423526851983,0.4812249139808949,-0.1735174387043036,-0.1766349468092725,-0.17039993059933473,6.387599613639901e-16,-39.81606267057456,0.13259285670544424,0.001953125,,,6.387599613639901e-16,DOWN
credit_card_default,XGBoost,F1,SMOTE,10,0.46916805800820355,0.4973786600161024,0.0282106020078988,0.024142990156739735,0.03227821385905787,7.632945379870312e-08,4.961301546554847,0.6602993331247783,0.001953125,3.053178151948125e-07,0.0078125,3.053178151948125e-07,UP
credit_card_default,XGBoost,F1,CTGAN,10,0.46916805800820355,0.4771767097890284,0.008008651780824832,0.0039059086703604456,0.012111394891289219,0.0016814286355204995,1.3963936333997862,0.5987266839327677,0.00390625,0.003362857271040999,0.0078125,0.003362857271040999,UP
credit_card_default,XGBoost,F1,TVAE,10,0.46916805800820355,0.4824312130607666,0.01326315505256299,0.009335488730399934,0.017190821374726047,3.194927035356309e-05,2.4156557058506567,0.22988126173862494,0.001953125,9.584781106068928e-05,0.0078125,9.584781106068928e-05,UP
credit_card_default,XGBoost,F1,HYBRID,10,0.46916805800820355,0.4728108213780288,0.003642763369825186,-0.0009121731466888452,0.008197699886339217,0.10387681970737973,0.5720992869985678,0.7456519455193762,0.10546875,0.10387681970737973,0.10546875,0.10387681970737973,ns
credit_card_default,XGBoost,F1,REAL_CW,10,0.46916805800820355,0.5304968809352416,0.06132882292703805,0.05814699748068242,0.06451064837339367,8.767592784853451e-12,13.788310438637819,0.05047632242736934,0.001953125,,,8.767592784853451e-12,UP
credit_card_default,XGBoost,BalancedAcc,SMOTE,10,0.6554107105046854,0.675334921983638,0.01992421147895259,0.01771835412773435,0.02213006883017083,7.516820045949396e-09,6.461398000018989,0.5847356636072671,0.001953125,3.0067280183797584e-08,0.0078125,3.0067280183797584e-08,UP
credit_card_default,XGBoost,BalancedAcc,CTGAN,10,0.6554107105046854,0.6599244469221526,0.004513736417467262,0.0024104262776529694,0.006617046557281555,0.0009025299534364162,1.5351670953536052,0.7118783950308919,0.00390625,0.0018050599068728324,0.0078125,0.0018050599068728324,UP
credit_card_default,XGBoost,BalancedAcc,TVAE,10,0.6554107105046854,0.6638758288689164,0.008465118364230962,0.006314972033019237,0.010615264695442687,9.302154403909478e-06,2.816357563114816,0.21242270704368482,0.001953125,2.7906463211728435e-05,0.0078125,2.7906463211728435e-05,UP
credit_card_default,XGBoost,BalancedAcc,HYBRID,10,0.6554107105046854,0.6576599671250338,0.002249256620348339,-6.971440759394451e-05,0.004568227648290622,0.05587091304183157,0.693851383772643,0.6779428711429828,0.064453125,0.05587091304183157,0.064453125,0.05587091304183157,ns
credit_card_default,XGBoost,BalancedAcc,REAL_CW,10,0.6554107105046854,0.7050389924579158,0.04962828195323036,0.047787888768287254,0.051468675138173464,4.3102888354009284e-13,19.290407352709362,0.0174050958930034,0.001953125,,,0.001953125,UP
credit_card_default,XGBoost,Specificity,SMOTE,10,0.9452600042799059,0.8811898138240958,-0.06407019045580999,-0.06665120208653219,-0.06148917882508778,9.06374737574139e-13,-17.757786390367674,0.8554595740816926,0.001953125,3.625498950296556e-12,0.0078125,3.625498950296556e-12,DOWN
credit_card_default,XGBoost,Specificity,CTGAN,10,0.9452600042799059,0.9372565803552323,-0.008003423924673625,-0.009062048251532138,-0.006944799597815111,3.593395750771372e-08,-5.40824958454909,0.5445087680182512,0.001953125,7.186791501542744e-08,0.0078125,7.186791501542744e-08,DOWN
credit_card_default,XGBoost,Specificity,TVAE,10,0.9452600042799059,0.9178044083030172,-0.027455595976888514,-0.02910442941493383,-0.025806762538843196,3.249712634373865e-11,-11.911785469908557,0.09064203644400669,0.001953125,9.749137903121595e-11,0.0078125,9.749137903121595e-11,DOWN
credit_card_default,XGBoost,Specificity,HYBRID,10,0.9452600042799059,0.9367215921249732,-0.008538412154932562,-0.010924685557862532,-0.006152138752002592,2.0153929160164857e-05,-2.559644713617136,0.6964785846257419,0.001953125,2.0153929160164857e-05,0.0078125,2.0153929160164857e-05,DOWN
credit_card_default,XGBoost,Specificity,REAL_CW,10,0.9452600042799059,0.819045580997218,-0.12621442328268778,-0.1279905967192932,-0.12443824984608237,7.094709491520403e-17,-50.83307602039865,0.9364697731473269,0.001953125,,,7.094709491520403e-17,DOWN
credit_card_default,XGBoost,GMean,SMOTE,10,0.5878293893723632,0.6431901842400325,0.05536079486766945,0.05285974275325981,0.057861846982079086,2.535616478104627e-12,15.83442691995271,0.2886625414742931,0.001953125,1.0142465912418508e-11,0.0078125,1.0142465912418508e-11,UP
credit_card_default,XGBoost,GMean,CTGAN,10,0.5878293893723632,0.5988118957454887,0.0109825063731256,0.007885201154392129,0.01407981159185907,2.167122551828106e-05,2.536531347109157,0.9277564569337233,0.001953125,4.334245103656212e-05,0.0078125,4.334245103656212e-05,UP
credit_card_default,XGBoost,GMean,TVAE,10,0.5878293893723632,0.6133674705189527,0.02553808114658951,0.02210979043361264,0.028966371859566378,4.089995072094195e-08,5.3288487596166405,0.1974743597115916,0.001953125,1.2269985216282583e-07,0.0078125,1.2269985216282583e-07,UP
credit_card_default,XGBoost,GMean,HYBRID,10,0.5878293893723632,0.5954952204989982,0.007665831126635136,0.004288689425014673,0.0110429728282556,0.000615497251000713,1.6238007525156601,0.7823946677954401,0.001953125,0.000615497251000713,0.0078125,0.000615497251000713,UP
credit_card_default,XGBoost,GMean,REAL_CW,10,0.5878293893723632,0.6957579256278579,0.10792853625549484,0.10533737129965587,0.11051970121133381,8.661531952554191e-15,29.796413998149024,0.18982251104248088,0.001953125,,,8.661531952554191e-15,UP
taiwanese_bankruptcy_prediction,CatBoost,AUC_PR,SMOTE,10,0.5131105113214595,0.5044623441793666,-0.008648167142092784,-0.031350981896677205,0.014054647612491634,0.4112113476323789,-0.2725003994421178,0.6570266943993968,0.275390625,0.8224226952647578,0.826171875,0.8224226952647578,ns
taiwanese_bankruptcy_prediction,CatBoost,AUC_PR,CTGAN,10,0.5131105113214595,0.5119056227344784,-0.0012048885869811233,-0.028076544266420565,0.025666767092458315,0.9214313127140744,-0.03207563322127841,0.029851730479130503,0.921875,0.9214313127140744,0.921875,0.921875,ns
taiwanese_bankruptcy_prediction,CatBoost,AUC_PR,TVAE,10,0.5131105113214595,0.4471632710172191,-0.0659472403042404,-0.08841754342791834,-0.04347693718056246,9.491408022988797e-05,-2.099473848736562,0.3210394108486788,0.001953125,0.00037965632091955186,0.0078125,0.00037965632091955186,DOWN
taiwanese_bankruptcy_prediction,CatBoost,AUC_PR,HYBRID,10,0.5131105113214595,0.49021980442950824,-0.022890706891951263,-0.06156059971287564,0.01577918592897311,0.21337743572111206,-0.42345670140691616,0.2566791321479962,0.322265625,0.6401323071633362,0.826171875,0.6401323071633362,ns
taiwanese_bankruptcy_prediction,CatBoost,AUC_PR,REAL_CW,10,0.5131105113214595,0.4727155471812349,-0.04039496414022468,-0.07151902201802751,-0.009270906262421844,0.01659471742577172,-0.9284398800953204,0.6566747868802308,0.01953125,,,0.01659471742577172,DOWN
taiwanese_bankruptcy_prediction,CatBoost,Recall,SMOTE,10,0.24090909090909088,0.6272727272727272,0.38636363636363646,0.3621274746981163,0.41059979802915664,4.798668669517318e-11,11.403946685248927,0.12676444993024638,0.001953125,1.9194674678069272e-10,0.0078125,1.9194674678069272e-10,UP
taiwanese_bankruptcy_prediction,CatBoost,Recall,CTGAN,10,0.24090909090909088,0.24545454545454543,0.004545454545454538,-0.031238809319607173,0.04032971841051625,0.7803523356242354,0.09086737992230721,0.2656995683174694,1.0,1.0,1.0,1.0,ns
taiwanese_bankruptcy_prediction,CatBoost,Recall,TVAE,10,0.24090909090909088,0.3954545454545454,0.15454545454545454,0.12131450390179718,0.1877764051891119,2.3419232791294603e-06,3.3268731725725544,0.911011659604261,0.001953125,7.025769837388381e-06,0.0078125,7.025769837388381e-06,UP
taiwanese_bankruptcy_prediction,CatBoost,Recall,HYBRID,10,0.24090909090909088,0.24090909090909082,0.0,-0.029683114702063276,0.029683114702063276,1.0,0.0,0.03070937024100354,0.95703125,1.0,1.0,1.0,ns
taiwanese_bankruptcy_prediction,CatBoost,Recall,REAL_CW,10,0.24090909090909088,0.6022727272727273,0.3613636363636364,0.3343210318721095,0.3884062408551633,2.3210690559503473e-10,9.559137431470214,0.6458864004974165,0.001953125,,,2.3210690559503473e-10,UP
taiwanese_bankruptcy_prediction,CatBoost,Precision,SMOTE,10,0.6156617647058823,0.4168488408567191,-0.19881292384916333,-0.23568360590250112,-0.16194224179582553,6.697454712481043e-07,-3.8573248486691307,0.970613190146433,0.001953125,2.6789818849924173e-06,0.0078125,2.6789818849924173e-06,DOWN
taiwanese_bankruptcy_prediction,CatBoost,Precision,CTGAN,10,0.6156617647058823,0.6093297582190771,-0.006332006486805253,-0.049010768661166784,0.036346755687556284,0.7448461657661996,-0.10613345697519509,0.03303252227591099,0.84375,1.0,1.0,1.0,ns
taiwanese_bankruptcy_prediction,CatBoost,Precision,TVAE,10,0.6156617647058823,0.5789601247123494,-0.03670163999353297,-0.08705026451296094,0.013646984525895002,0.13354815479142332,-0.5214595608206148,0.4087355964067758,0.275390625,0.4006444643742699,0.826171875,0.4006444643742699,ns
taiwanese_bankruptcy_prediction,CatBoost,Precision,HYBRID,10,0.6156617647058823,0.6159861049683031,0.00032434026242075256,-0.06221797403988042,0.06286665456472193,0.9908958497739012,0.003709793108799079,0.48297996232616436,0.845703125,1.0,1.0,1.0,ns
taiwanese_bankruptcy_prediction,CatBoost,Precision,REAL_CW,10,0.6156617647058823,0.4504295637948129,-0.16523220091106938,-0.19938613929955265,-0.13107826252258611,1.6806964957426418e-06,-3.460801347885635,0.6527697693498176,0.001953125,,,1.6806964957426418e-06,DOWN
taiwanese_bankruptcy_prediction,CatBoost,F1,SMOTE,10,0.34562520166892235,0.5007136433539983,0.1550884416850759,0.12663210709381237,0.18354477627633944,6.113931749790412e-07,3.8987307883886384,0.6005687835876331,0.001953125,2.445572699916165e-06,0.0078125,2.445572699916165e-06,UP
taiwanese_bankruptcy_prediction,CatBoost,F1,CTGAN,10,0.34562520166892235,0.34840379244052816,0.002778590771605821,-0.035381737372974884,0.04093891891618652,0.8728078335663041,0.052087709775547636,0.5195218285611224,0.91015625,1.0,1.0,1.0,ns
taiwanese_bankruptcy_prediction,CatBoost,F1,TVAE,10,0.34562520166892235,0.4694526178137478,0.12382741614482548,0.08639924119480838,0.16125559109484258,3.754819827936065e-05,2.366687593129993,0.6662281073535481,0.001953125,0.00011264459483808195,0.0078125,0.00011264459483808195,UP
taiwanese_bankruptcy_prediction,CatBoost,F1,HYBRID,10,0.34562520166892235,0.34530157570406045,-0.00032362596486185666,-0.03668896251432545,0.03604171058460173,0.9843776371218558,-0.006366174243993452,0.08014014232267498,0.76953125,1.0,1.0,1.0,ns
taiwanese_bankruptcy_prediction,CatBoost,F1,REAL_CW,10,0.34562520166892235,0.5151953932931572,0.16957019162423487,0.14134034482186558,0.19780003842660415,2.653461682007272e-07,4.296984268968281,0.8402909234588376,0.001953125,,,2.653461682007272e-07,UP
taiwanese_bankruptcy_prediction,CatBoost,BalancedAcc,SMOTE,10,0.6179545454545454,0.7989772727272728,0.1810227272727273,0.16898336670068861,0.193062087844766,8.095252276920629e-11,10.756041179873169,0.20832247945449955,0.001953125,3.2381009107682515e-10,0.0078125,3.2381009107682515e-10,UP
taiwanese_bankruptcy_prediction,CatBoost,BalancedAcc,CTGAN,10,0.6179545454545454,0.6200757575757576,0.0021212121212121128,-0.015540633755943641,0.019783057998367867,0.7919911784277858,0.08591535394952342,0.30120141099564557,0.91015625,1.0,1.0,1.0,ns
taiwanese_bankruptcy_prediction,CatBoost,BalancedAcc,TVAE,10,0.6179545454545454,0.6929545454545454,0.07500000000000001,0.058142747253168384,0.09185725274683164,3.3913676560260562e-06,3.1827112491911747,0.9386311949181847,0.001953125,1.0174102968078169e-05,0.0078125,1.0174102968078169e-05,UP
taiwanese_bankruptcy_prediction,CatBoost,BalancedAcc,HYBRID,10,0.6179545454545454,0.6178787878787879,-7.575757575757347e-05,-0.014944115469581172,0.014792600318066026,0.9910550906113077,-0.0036449018368254612,0.03995973473467024,0.78125,1.0,1.0,1.0,ns
taiwanese_bankruptcy_prediction,CatBoost,BalancedAcc,REAL_CW,10,0.6179545454545454,0.7888636363636363,0.17090909090909095,0.15760566771522352,0.18421251410295839,3.2969833968757063e-10,9.190190877438665,0.746747258266272,0.001953125,,,3.2969833968757063e-10,UP
taiwanese_bankruptcy_prediction,CatBoost,Specificity,SMOTE,10,0.9949999999999999,0.9706818181818182,-0.02431818181818187,-0.025795726581732903,-0.02284063705463084,3.6070608786807995e-11,-11.77370712104711,0.12317456709277769,0.001953125,1.4428243514723198e-10,0.0078125,1.4428243514723198e-10,DOWN
taiwanese_bankruptcy_prediction,CatBoost,Specificity,CTGAN,10,0.9949999999999999,0.9946969696969699,-0.000303030303030305,-0.0012657209628385282,0.0006596603567779183,0.49446565128737313,-0.22517598751222476,0.25591339971250465,0.5546875,0.9889313025747463,1.0,0.9889313025747463,ns
taiwanese_bankruptcy_prediction,CatBoost,Specificity,TVAE,10,0.9949999999999999,0.9904545454545455,-0.004545454545454497,-0.005567340846829215,-0.003523568244079779,3.397861797141626e-06,-3.181980515339424,0.7109501458257421,0.001953125,1.0193585391424878e-05,0.0078125,1.0193585391424878e-05,DOWN
taiwanese_bankruptcy_prediction,CatBoost,Specificity,HYBRID,10,0.9949999999999999,0.9948484848484849,-0.00015151515151514693,-0.0012592135063037523,0.0009561832032734585,0.7640411601083124,-0.097849210958011,0.3618750540710858,0.671875,0.9889313025747463,1.0,0.9889313025747463,ns
taiwanese_bankruptcy_prediction,CatBoost,Specificity,REAL_CW,10,0.9949999999999999,0.9754545454545454,-0.0195454545454546,-0.02084308921124515,-0.01824781987966405,7.969033570069949e-11,-10.774970997640935,0.9804853995269125,0.001953125,,,7.969033570069949e-11,DOWN
taiwanese_bankruptcy_prediction,CatBoost,GMean,SMOTE,10,0.48846336225437953,0.7802807337322231,0.2918173714778436,0.26717711451766063,0.31645762843802655,6.805054720441521e-10,8.472053368039727,0.4395222634460997,0.001953125,2.7220218881766086e-09,0.0078125,2.7220218881766086e-09,UP
taiwanese_bankruptcy_prediction,CatBoost,GMean,CTGAN,10,0.48846336225437953,0.4928835567016038,0.004420194447224357,-0.03063580417790844,0.039476193072357155,0.7819199055533342,0.09019901721721812,0.4380517846689957,0.8203125,1.0,1.0,1.0,ns
taiwanese_bankruptcy_prediction,CatBoost,GMean,TVAE,10,0.48846336225437953,0.6248387716496671,0.13637540939528764,0.10819655392736849,0.1645542648632068,1.6755245291979146e-06,3.4620671881638967,0.8886856976713634,0.001953125,5.026573587593743e-06,0.0078125,5.026573587593743e-06,UP
taiwanese_bankruptcy_prediction,CatBoost,GMean,HYBRID,10,0.48846336225437953,0.48888253717345354,0.0004191749190739835,-0.02954117595403146,0.03037952579217943,0.9754420897506801,0.010008550114759974,0.036338469037427795,0.76953125,1.0,1.0,1.0,ns
taiwanese_bankruptcy_prediction,CatBoost,GMean,REAL_CW,10,0.48846336225437953,0.7663891511415851,0.2779257888872057,0.25228389904300297,0.30356767873140844,1.4960745238821361e-09,7.753567839024054,0.9830222123269826,0.001953125,,,1.4960745238821361e-09,UP
taiwanese_bankruptcy_prediction,XGBoost,AUC_PR,SMOTE,10,0.48720991029026156,0.4768281549210024,-0.01038175536925925,-0.024182359718564375,0.0034188489800458747,0.12301083420148944,-0.5381402300596765,0.5499960278763477,0.16015625,0.24602166840297887,0.3203125,0.24602166840297887,ns
taiwanese_bankruptcy_prediction,XGBoost,AUC_PR,CTGAN,10,0.48720991029026156,0.5137007174312305,0.026490807140968797,0.009230733912373053,0.04375088036956454,0.0070269675423130715,1.0979317168615979,0.12475493717404773,0.00390625,0.021080902626939214,0.015625,0.021080902626939214,UP
taiwanese_bankruptcy_prediction,XGBoost,AUC_PR,TVAE,10,0.48720991029026156,0.4703774275754771,-0.016832482714784564,-0.04431312662486539,0.010648161195296265,0.19923407705473056,-0.43817141963823664,0.6311645034987907,0.193359375,0.24602166840297887,0.3203125,0.24602166840297887,ns
taiwanese_bankruptcy_prediction,XGBoost,AUC_PR,HYBRID,10,0.48720991029026156,0.5251814707299072,0.03797156043964557,0.01538846757951939,0.06055465329977175,0.004193951639750766,1.2028121284903213,0.5034775673792178,0.00390625,0.016775806559003063,0.015625,0.016775806559003063,UP
taiwanese_bankruptcy_prediction,XGBoost,AUC_PR,REAL_CW,10,0.48720991029026156,0.4662045762125935,-0.021005334077668143,-0.04121838678058475,-0.0007922813747515342,0.04324653416163363,-0.7433964090200313,0.20176221765175895,0.037109375,,,0.04324653416163363,DOWN
taiwanese_bankruptcy_prediction,XGBoost,Recall,SMOTE,10,0.3090909090909091,0.6,0.29090909090909095,0.25595520146690387,0.32586298035127803,1.5461607847002676e-08,5.953667260282007,0.2536253111511028,0.001953125,6.18464313880107e-08,0.0078125,6.18464313880107e-08,UP
taiwanese_bankruptcy_prediction,XGBoost,Recall,CTGAN,10,0.3090909090909091,0.26818181818181813,-0.04090909090909091,-0.08344338200949444,0.0016252001913126188,0.05757436840588039,-0.6880237084407945,0.23935406845331636,0.05078125,0.11514873681176079,0.1015625,0.11514873681176079,ns
taiwanese_bankruptcy_prediction,XGBoost,Recall,TVAE,10,0.3090909090909091,0.3704545454545455,0.06136363636363636,0.017303120999239606,0.10542415172803313,0.01172745165779361,0.9962866000353439,0.1992030336437649,0.01953125,0.035182354973380826,0.05859375,0.035182354973380826,UP
taiwanese_bankruptcy_prediction,XGBoost,Recall,HYBRID,10,0.3090909090909091,0.3090909090909091,5.551115123125783e-18,-0.03754650020262008,0.03754650020262009,0.9999999999999998,1.0576294775109604e-16,0.05004372096139295,0.90625,0.9999999999999998,0.90625,0.9999999999999998,ns
taiwanese_bankruptcy_prediction,XGBoost,Recall,REAL_CW,10,0.3090909090909091,0.4999999999999999,0.19090909090909092,0.14949431970062582,0.232323862117556,2.5221200295208733e-06,3.2975707123183464,0.1032366192452826,0.001953125,,,2.5221200295208733e-06,UP
taiwanese_bankruptcy_prediction,XGBoost,Precision,SMOTE,10,0.638763484798954,0.4800010792841354,-0.15876240551481852,-0.1957962529730783,-0.12172855805655873,4.61690458643279e-06,-3.0667022464124303,0.6818249412167005,0.001953125,1.846761834573116e-05,0.0078125,1.846761834573116e-05,DOWN
taiwanese_bankruptcy_prediction,XGBoost,Precision,CTGAN,10,0.638763484798954,0.6123483843298084,-0.026415100469145403,-0.08042400972387044,0.02759380878557963,0.2972511038667576,-0.3498723600099173,0.8546839060242283,0.431640625,0.8917533116002729,1.0,0.8917533116002729,ns
taiwanese_bankruptcy_prediction,XGBoost,Precision,TVAE,10,0.638763484798954,0.632602831950658,-0.006160652848295867,-0.06623273512818281,0.05391142943159107,0.8217317788057289,-0.07336295651918574,0.9606857762724433,0.845703125,1.0,1.0,1.0,ns
taiwanese_bankruptcy_prediction,XGBoost,Precision,HYBRID,10,0.638763484798954,0.6448066477128263,0.006043162913872302,-0.04308828692328532,0.055174612751029924,0.7871110495169895,0.08798882057567332,0.9308430098415525,0.91015625,1.0,1.0,1.0,ns
taiwanese_bankruptcy_prediction,XGBoost,Precision,REAL_CW,10,0.638763484798954,0.5046176885130373,-0.13414579628591655,-0.17708524103344275,-0.09120635153839035,5.874453656733063e-05,-2.2348244683716563,0.3085876816941209,0.001953125,,,5.874453656733063e-05,DOWN
taiwanese_bankruptcy_prediction,XGBoost,F1,SMOTE,10,0.4157588308924547,0.5331225331128434,0.11736370222038861,0.08309477250719804,0.15163263193357918,2.8575654183923737e-05,2.4499433042206595,0.6542286934674306,0.001953125,0.00011430261673569495,0.0078125,0.00011430261673569495,UP
taiwanese_bankruptcy_prediction,XGBoost,F1,CTGAN,10,0.4157588308924547,0.37220383353646175,-0.043554997355993,-0.09187821756142453,0.004768222849438529,0.07188794768172296,-0.6447701129123333,0.3314943990525223,0.083984375,0.14377589536344593,0.16796875,0.14377589536344593,ns
taiwanese_bankruptcy_prediction,XGBoost,F1,TVAE,10,0.4157588308924547,0.46609267611694244,0.05033384522448765,0.0065703414377911995,0.0940973490111841,0.0286543879569048,0.8227555078974588,0.2900702192750214,0.048828125,0.0859631638707144,0.146484375,0.0859631638707144,ns
taiwanese_bankruptcy_prediction,XGBoost,F1,HYBRID,10,0.4157588308924547,0.41667811590531895,0.0009192850128642571,-0.03803492201373835,0.039873492039466864,0.9585914290605132,0.01688179359057875,0.36047926322830104,1.0,0.9585914290605132,1.0,0.9585914290605132,ns
taiwanese_bankruptcy_prediction,XGBoost,F1,REAL_CW,10,0.4157588308924547,0.502023592877913,0.08626476198545814,0.046081316226823425,0.12644820774409285,0.0009003878282400273,1.5357093465523108,0.03141827438495075,0.0078125,,,0.0078125,UP
taiwanese_bankruptcy_prediction,XGBoost,BalancedAcc,SMOTE,10,0.6516287878787879,0.7891666666666667,0.1375378787878788,0.12002435199195387,0.15505140558380373,2.57491006145775e-08,5.617867410141429,0.3057172777999664,0.001953125,1.0299640245831e-07,0.0078125,1.0299640245831e-07,UP
taiwanese_bankruptcy_prediction,XGBoost,BalancedAcc,CTGAN,10,0.6516287878787879,0.63125,-0.020378787878787885,-0.041737724184598875,0.0009801484270231045,0.059226506311319684,-0.6825296183141861,0.2624133488240491,0.083984375,0.11845301262263937,0.16796875,0.11845301262263937,ns
taiwanese_bankruptcy_prediction,XGBoost,BalancedAcc,TVAE,10,0.6516287878787879,0.6815909090909091,0.029962121212121207,0.008101959494212264,0.05182228293003015,0.01271069818317536,0.9804872719245054,0.2511241689247661,0.01953125,0.03813209454952608,0.05859375,0.03813209454952608,UP
taiwanese_bankruptcy_prediction,XGBoost,BalancedAcc,HYBRID,10,0.6516287878787879,0.6516666666666666,3.7878787878775634e-05,-0.01865194483145158,0.01872770240720913,0.996441944259496,0.0014498185242826232,0.07536890825760818,0.76953125,0.996441944259496,0.76953125,0.996441944259496,ns
taiwanese_bankruptcy_prediction,XGBoost,BalancedAcc,REAL_CW,10,0.6516287878787879,0.7418181818181819,0.09018939393939396,0.0694314637877048,0.11094732409108311,4.131075655918233e-06,3.1080943681951934,0.10943551539449009,0.001953125,,,4.131075655918233e-06,UP
taiwanese_bankruptcy_prediction,XGBoost,Specificity,SMOTE,10,0.9941666666666669,0.9783333333333333,-0.015833333333333387,-0.016734753483050938,-0.014931913183615836,2.0149333209843742e-11,-12.565155491681187,0.6458864004974724,0.001953125,8.059733283937497e-11,0.0078125,8.059733283937497e-11,DOWN
taiwanese_bankruptcy_prediction,XGBoost,Specificity,CTGAN,10,0.9941666666666669,0.9943181818181819,0.00015151515151518025,-0.0007260585288908067,0.0010290888319211672,0.705201258166129,0.12350804543891193,0.6730894276677957,0.71875,1.0,1.0,1.0,ns
taiwanese_bankruptcy_prediction,XGBoost,Specificity,TVAE,10,0.9941666666666669,0.9927272727272728,-0.0014393939393939291,-0.0031233760611466947,0.0002445881823588364,0.08518038203277942,-0.6114556571930997,0.5822860868928479,0.109375,0.2555411460983382,0.328125,0.2555411460983382,ns
taiwanese_bankruptcy_prediction,XGBoost,Specificity,HYBRID,10,0.9941666666666669,0.9942424242424244,7.575757575760678e-05,-0.0010215813149996814,0.001173096466514895,0.8793430320255649,0.04938647983249734,0.5955030680333224,0.79296875,1.0,1.0,1.0,ns
taiwanese_bankruptcy_prediction,XGBoost,Specificity,REAL_CW,10,0.9941666666666669,0.9836363636363634,-0.010530303030303102,-0.011685588316622232,-0.009375017743983971,6.937113069008124e-09,-6.520402435568011,0.09755015921506414,0.001953125,,,6.937113069008124e-09,DOWN
taiwanese_bankruptcy_prediction,XGBoost,GMean,SMOTE,10,0.5533923217832981,0.7659540281163837,0.21256170633308544,0.1844245595636571,0.24069885310251377,3.617307458638796e-08,5.404154366337354,0.3219175675045701,0.001953125,1.4469229834555183e-07,0.0078125,1.4469229834555183e-07,UP
taiwanese_bankruptcy_prediction,XGBoost,GMean,CTGAN,10,0.5533923217832981,0.5153526120886728,-0.038039709694625404,-0.0777081756699021,0.001628756280651296,0.05818216554379475,-0.6859849092256135,0.21864186724848184,0.083984375,0.1163643310875895,0.16796875,0.1163643310875895,ns
taiwanese_bankruptcy_prediction,XGBoost,GMean,TVAE,10,0.5533923217832981,0.6058608359115522,0.052468514128254005,0.015154859463980604,0.0897821687925274,0.011168129002334123,1.0058975531979502,0.20297911259336515,0.01953125,0.03350438700700237,0.05859375,0.03350438700700237,UP
taiwanese_bankruptcy_prediction,XGBoost,GMean,HYBRID,10,0.5533923217832981,0.5538184420812141,0.00042612029791597725,-0.03244708902203411,0.033299329617866066,0.9772466924500787,0.009272842664116683,0.06780079567650132,0.76953125,0.9772466924500787,0.76953125,0.9772466924500787,ns
taiwanese_bankruptcy_prediction,XGBoost,GMean,REAL_CW,10,0.5533923217832981,0.7009693519642778,0.14757703018097965,0.11419550706987988,0.1809585532920794,3.5758110590765084e-06,3.1625353747714886,0.10930426347757993,0.001953125,,,3.5758110590765084e-06,UP
thyroid_cancer_recurrence,CatBoost,AUC_PR,SMOTE,10,0.9821128771719752,0.9807319614768041,-0.0013809156951708368,-0.004185106972208183,0.001423275581866509,0.29414684197448127,-0.3522753911949293,0.6313954526844503,0.322265625,0.5597608623948177,0.64453125,0.5597608623948177,ns
thyroid_cancer_recurrence,CatBoost,AUC_PR,CTGAN,10,0.9821128771719752,0.9859111676033931,0.003798290431418139,0.00046444340543701527,0.007132137457399263,0.02982835423997476,0.8150143872296094,0.8527370404440822,0.064453125,0.11931341695989904,0.2578125,0.11931341695989904,ns
thyroid_cancer_recurrence,CatBoost,AUC_PR,TVAE,10,0.9821128771719752,0.980339567596246,-0.0017733095757290428,-0.0052623258203465615,0.0017157066688884763,0.27988043119740885,-0.3635836472182272,0.7174934969056401,0.322265625,0.5597608623948177,0.64453125,0.5597608623948177,ns
thyroid_cancer_recurrence,CatBoost,AUC_PR,HYBRID,10,0.9821128771719752,0.9857195729118056,0.0036066957398305233,-0.0010713049169204045,0.008284696396581451,0.11510651930753761,0.5515336346734746,0.14465692583481038,0.130859375,0.3453195579226128,0.392578125,0.3453195579226128,ns
thyroid_cancer_recurrence,CatBoost,AUC_PR,REAL_CW,10,0.9821128771719752,0.9819493100869525,-0.00016356708502249795,-0.0037707836945283235,0.0034436495244833274,0.9205485194389352,-0.032437432105405097,0.8126218934608807,0.76953125,,,0.9205485194389352,ns
thyroid_cancer_recurrence,CatBoost,Recall,SMOTE,10,0.9090909090909094,0.9090909090909094,0.0,0.0,0.0,,,,,,,,n/a
thyroid_cancer_recurrence,CatBoost,Recall,CTGAN,10,0.9090909090909094,0.9136363636363637,0.004545454545454542,-0.005737078012719105,0.014827987103628188,0.3434363961379136,0.316227766016838,1.0036928213864587e-07,1.0,0.6868727922758272,1.0,1.0,ns
thyroid_cancer_recurrence,CatBoost,Recall,TVAE,10,0.9090909090909094,0.9090909090909094,0.0,0.0,0.0,,,,,,,,n/a
thyroid_cancer_recurrence,CatBoost,Recall,HYBRID,10,0.9090909090909094,0.9136363636363638,0.0045454545454545305,-0.013912256274709305,0.023003165365618364,0.5910512317836057,0.17616606585441047,0.0037366127040503712,1.0,0.6868727922758272,1.0,1.0,ns
thyroid_cancer_recurrence,CatBoost,Recall,REAL_CW,10,0.9090909090909094,0.9090909090909094,0.0,0.0,0.0,,,,,,,,n/a
thyroid_cancer_recurrence,CatBoost,Precision,SMOTE,10,1.0,1.0,0.0,0.0,0.0,,,,,,,,n/a
thyroid_cancer_recurrence,CatBoost,Precision,CTGAN,10,1.0,0.9861471861471862,-0.013852813852813839,-0.03598271885058065,0.008277091144952974,0.19042274720024946,-0.4477970446658711,9.138754242243853e-06,0.5,0.3359591470017625,1.0,1.0,ns
thyroid_cancer_recurrence,CatBoost,Precision,TVAE,10,1.0,1.0,0.0,0.0,0.0,,,,,,,,n/a
thyroid_cancer_recurrence,CatBoost,Precision,HYBRID,10,1.0,0.9906926406926407,-0.009307359307359297,-0.023348576138012955,0.00473385752329436,0.16797957350088125,-0.47418139304952694,5.509613649919115e-06,0.5,0.3359591470017625,1.0,1.0,ns
thyroid_cancer_recurrence,CatBoost,Precision,REAL_CW,10,1.0,1.0,0.0,0.0,0.0,,,,,,,,n/a
thyroid_cancer_recurrence,CatBoost,F1,SMOTE,10,0.9523809523809523,0.9523809523809523,0.0,0.0,0.0,,,,,,,,n/a
thyroid_cancer_recurrence,CatBoost,F1,CTGAN,10,0.9523809523809523,0.9482734319943622,-0.00410752038659018,-0.016701389795454415,0.008486349022274057,0.4794254888600838,-0.23331535206283918,0.004979093862958376,0.75,0.9588509777201676,1.0,1.0,ns
thyroid_cancer_recurrence,CatBoost,F1,TVAE,10,0.9523809523809523,0.9523809523809523,0.0,0.0,0.0,,,,,,,,n/a
thyroid_cancer_recurrence,CatBoost,F1,HYBRID,10,0.9523809523809523,0.9502637181309899,-0.0021172342499626074,-0.011939805985965717,0.007705337486040503,0.6374883824705502,-0.1541936453074627,0.01125255500360322,0.875,0.9588509777201676,1.0,1.0,ns
thyroid_cancer_recurrence,CatBoost,F1,REAL_CW,10,0.9523809523809523,0.9523809523809523,0.0,0.0,0.0,,,,,,,,n/a
thyroid_cancer_recurrence,CatBoost,BalancedAcc,SMOTE,10,0.9545454545454547,0.9545454545454547,0.0,0.0,0.0,,,,,,,,n/a
thyroid_cancer_recurrence,CatBoost,BalancedAcc,CTGAN,10,0.9545454545454547,0.9540909090909091,-0.0004545454545454741,-0.0077173107404744454,0.0068082198313834975,0.8905312243914683,-0.044771132920494575,0.004077439185081404,1.0,1.0,1.0,1.0,ns
thyroid_cancer_recurrence,CatBoost,BalancedAcc,TVAE,10,0.9545454545454547,0.9545454545454547,0.0,0.0,0.0,,,,,,,,n/a
thyroid_cancer_recurrence,CatBoost,BalancedAcc,HYBRID,10,0.9545454545454547,0.9550000000000001,0.000454545454545463,-0.008141608031780562,0.009050698940871488,0.9074134849532947,0.03782648023955251,0.09063398026638647,1.0,1.0,1.0,1.0,ns
thyroid_cancer_recurrence,CatBoost,BalancedAcc,REAL_CW,10,0.9545454545454547,0.9545454545454547,0.0,0.0,0.0,,,,,,,,n/a
thyroid_cancer_recurrence,CatBoost,Specificity,SMOTE,10,1.0,1.0,0.0,0.0,0.0,,,,,,,,n/a
thyroid_cancer_recurrence,CatBoost,Specificity,CTGAN,10,1.0,0.9945454545454545,-0.005454545454545457,-0.014233256580603346,0.003324165671512433,0.19342205960333206,-0.44447831849231534,8.564251663186619e-06,0.5,0.3357013121141501,1.0,1.0,ns
thyroid_cancer_recurrence,CatBoost,Specificity,TVAE,10,1.0,1.0,0.0,0.0,0.0,,,,,,,,n/a
thyroid_cancer_recurrence,CatBoost,Specificity,HYBRID,10,1.0,0.9963636363636365,-0.0036363636363636377,-0.009120381000722924,0.0018476537279956489,0.16785065605707505,-0.4743416490252569,4.6723331183920265e-06,0.5,0.3357013121141501,1.0,1.0,ns
thyroid_cancer_recurrence,CatBoost,Specificity,REAL_CW,10,1.0,1.0,0.0,0.0,0.0,,,,,,,,n/a
thyroid_cancer_recurrence,CatBoost,GMean,SMOTE,10,0.9534625892455925,0.9534625892455925,0.0,0.0,0.0,,,,,,,,n/a
thyroid_cancer_recurrence,CatBoost,GMean,CTGAN,10,0.9534625892455925,0.9531967908037565,-0.00026579844183587386,-0.0075596311446073155,0.007028034260935568,0.936103944311773,-0.02606870197218624,0.0031475473443854977,1.0,1.0,1.0,1.0,ns
thyroid_cancer_recurrence,CatBoost,GMean,TVAE,10,0.9534625892455925,0.9534625892455925,0.0,0.0,0.0,,,,,,,,n/a
thyroid_cancer_recurrence,CatBoost,GMean,HYBRID,10,0.9534625892455925,0.9539945102312222,0.0005319209856298523,-0.008466560361650508,0.009530402332910212,0.8965653333741469,0.042286396539127274,0.08033935183032159,1.0,1.0,1.0,1.0,ns
thyroid_cancer_recurrence,CatBoost,GMean,REAL_CW,10,0.9534625892455925,0.9534625892455925,0.0,0.0,0.0,,,,,,,,n/a
thyroid_cancer_recurrence,XGBoost,AUC_PR,SMOTE,10,0.9939300699300698,0.9936693861693859,-0.0002606837606836998,-0.0012525604875617833,0.0007311929661943836,0.5667967188340883,-0.18800917838493664,0.19504556348967234,1.0,1.0,1.0,1.0,ns
thyroid_cancer_recurrence,XGBoost,AUC_PR,CTGAN,10,0.9939300699300698,0.9933763224165976,-0.0005537475134721248,-0.0026620512821532876,0.0015545562552090378,0.5670399902516203,-0.18788901002352387,0.6686085723014166,0.6015625,1.0,1.0,1.0,ns
thyroid_cancer_recurrence,XGBoost,AUC_PR,TVAE,10,0.9939300699300698,0.9930411810411808,-0.0008888888888888502,-0.0016303970072174896,-0.00014738077056021081,0.0239276878689735,-0.8575399103390645,0.011656153073594654,0.0625,0.095710751475894,0.25,0.25,ns
thyroid_cancer_recurrence,XGBoost,AUC_PR,HYBRID,10,0.9939300699300698,0.9942324511363628,0.0003023812062929898,-0.0017809991281363651,0.0023857615407223446,0.7501730671791782,0.10382669001081775,0.7637496875002292,0.796875,1.0,1.0,1.0,ns
thyroid_cancer_recurrence,XGBoost,AUC_PR,REAL_CW,10,0.9939300699300698,0.9928873348873349,-0.001042735042734988,-0.0017606779063113602,-0.00032479217915861575,0.009445337803294792,-1.038979216538644,0.024607559875634503,0.03125,,,0.03125,DOWN
thyroid_cancer_recurrence,XGBoost,Recall,SMOTE,10,0.9545454545454547,0.9545454545454547,0.0,0.0,0.0,,,,,,,,n/a
thyroid_cancer_recurrence,XGBoost,Recall,CTGAN,10,0.9545454545454547,0.9545454545454547,0.0,0.0,0.0,,,,,,,,n/a
thyroid_cancer_recurrence,XGBoost,Recall,TVAE,10,0.9545454545454547,0.9545454545454547,0.0,0.0,0.0,,,,,,,,n/a
thyroid_cancer_recurrence,XGBoost,Recall,HYBRID,10,0.9545454545454547,0.9500000000000002,-0.004545454545454542,-0.014827987103628192,0.005737078012719108,0.3434363961379136,-0.31622776601683794,1.0036928213864587e-07,1.0,0.3434363961379136,1.0,1.0,ns
thyroid_cancer_recurrence,XGBoost,Recall,REAL_CW,10,0.9545454545454547,0.9545454545454547,0.0,0.0,0.0,,,,,,,,n/a
thyroid_cancer_recurrence,XGBoost,Precision,SMOTE,10,0.9818181818181818,0.9681818181818181,-0.013636363636363624,-0.02934319156425651,0.0020704642915292636,0.08112618884584057,-0.6210590034081188,4.713463965953735e-05,0.25,0.2433785665375217,0.75,0.75,ns
thyroid_cancer_recurrence,XGBoost,Precision,CTGAN,10,0.9818181818181818,0.9553359683794467,-0.026482213438735157,-0.042823095155397076,-0.010141331722073241,0.005186335632593391,-1.1593153048450209,0.00045501690074601736,0.03125,0.020745342530373564,0.125,0.125,ns
thyroid_cancer_recurrence,XGBoost,Precision,TVAE,10,0.9818181818181818,0.9772727272727273,-0.004545454545454542,-0.02300316536561836,0.013912256274709276,0.5910512317836045,-0.17616606585441108,0.0037366127040503946,1.0,0.5910512317836045,1.0,1.0,ns
thyroid_cancer_recurrence,XGBoost,Precision,HYBRID,10,0.9818181818181818,0.9685770750988143,-0.013241106719367578,-0.03936933717962422,0.012887123740889062,0.28119316821123946,-0.36252424934792654,0.049202272850341615,0.5,0.5623863364224789,1.0,1.0,ns
thyroid_cancer_recurrence,XGBoost,Precision,REAL_CW,10,0.9818181818181818,0.9503952569169961,-0.03142292490118574,-0.046959160446135934,-0.01588668935623555,0.0013366674619830331,-1.4468502533206702,9.313990509930473e-05,0.015625,,,0.015625,DOWN
thyroid_cancer_recurrence,XGBoost,F1,SMOTE,10,0.9678646934460888,0.9612050739957716,-0.0066596194503171,-0.014330395880218255,0.0010111569795840545,0.08112618884584057,-0.6210590034081188,4.713463965953735e-05,0.25,0.2433785665375217,0.75,0.75,ns
thyroid_cancer_recurrence,XGBoost,F1,CTGAN,10,0.9678646934460888,0.9547427766032417,-0.01312191684284707,-0.02120540021087768,-0.005038433474816462,0.005137593615860804,-1.1612387142685947,0.0002827700132185948,0.03125,0.020550374463443218,0.125,0.125,ns
thyroid_cancer_recurrence,XGBoost,F1,TVAE,10,0.9678646934460888,0.9656448202959831,-0.0022198731501057003,-0.011234104015767073,0.006794357715555674,0.5910512317836045,-0.17616606585441108,0.0037366127040503946,1.0,0.5910512317836045,1.0,1.0,ns
thyroid_cancer_recurrence,XGBoost,F1,HYBRID,10,0.9678646934460888,0.9588674116581094,-0.00899728178797945,-0.022373817348842823,0.004379253772883923,0.16244498731358484,-0.48116103251922787,0.2048194733982674,0.25,0.3248899746271697,0.75,0.3248899746271697,ns
thyroid_cancer_recurrence,XGBoost,F1,REAL_CW,10,0.9678646934460888,0.9524242424242425,-0.015440451021846335,-0.023065635508943527,-0.007815266534749142,0.001326481948956642,-1.4485463648086019,6.737854431582122e-05,0.015625,,,0.015625,DOWN
thyroid_cancer_recurrence,XGBoost,BalancedAcc,SMOTE,10,0.9736363636363636,0.9709090909090909,-0.002727272727272645,-0.005868638312851131,0.0004140928583058405,0.08112618884584057,-0.6210590034081188,4.713463965953735e-05,0.25,0.2433785665375217,0.75,0.75,ns
thyroid_cancer_recurrence,XGBoost,BalancedAcc,CTGAN,10,0.9736363636363636,0.9681818181818184,-0.005454545454545356,-0.008812806525356022,-0.0020962843837346906,0.00512107276427264,-1.161895003862225,0.00016867907610308767,0.03125,0.02048429105709056,0.125,0.125,ns
thyroid_cancer_recurrence,XGBoost,BalancedAcc,TVAE,10,0.9736363636363636,0.9727272727272727,-0.0009090909090908817,-0.0046006330731235365,0.0027824512549417734,0.5910512317836045,-0.17616606585441105,0.0037366127040503946,1.0,0.5910512317836045,1.0,1.0,ns
thyroid_cancer_recurrence,XGBoost,BalancedAcc,HYBRID,10,0.9736363636363636,0.9686363636363637,-0.004999999999999938,-0.011931711717914645,0.001931711717914771,0.13716899746360395,-0.5160030704406292,0.13758445885427129,0.25,0.2743379949272079,0.75,0.2743379949272079,ns
thyroid_cancer_recurrence,XGBoost,BalancedAcc,REAL_CW,10,0.9736363636363636,0.9672727272727275,-0.006363636363636205,-0.009505001949214706,-0.0032222707780577035,0.0013229505842674944,-1.449137674618944,4.7134639659558726e-05,0.015625,,,0.015625,DOWN
thyroid_cancer_recurrence,XGBoost,Specificity,SMOTE,10,0.9927272727272728,0.9872727272727273,-0.005454545454545457,-0.01173727662570262,0.0008281857166117053,0.08112618884584057,-0.6210590034081189,4.713463965953735e-05,0.25,0.2433785665375217,0.75,0.75,ns
thyroid_cancer_recurrence,XGBoost,Specificity,CTGAN,10,0.9927272727272728,0.9818181818181818,-0.010909090909090913,-0.017625613050712367,-0.004192568767469459,0.005121072764272632,-1.161895003862225,0.00016867907610300183,0.03125,0.02048429105709053,0.125,0.125,ns
thyroid_cancer_recurrence,XGBoost,Specificity,TVAE,10,0.9927272727272728,0.990909090909091,-0.0018181818181818188,-0.009201266146247354,0.005564902509883717,0.5910512317836045,-0.17616606585441108,0.0037366127040503946,1.0,0.5910512317836045,1.0,1.0,ns
thyroid_cancer_recurrence,XGBoost,Specificity,HYBRID,10,0.9927272727272728,0.9872727272727273,-0.005454545454545457,-0.01616243166520885,0.005253340756117936,0.2788729992489171,-0.36439934858051226,0.04488770617062266,0.5,0.5577459984978342,1.0,1.0,ns
thyroid_cancer_recurrence,XGBoost,Specificity,REAL_CW,10,0.9927272727272728,0.9800000000000001,-0.012727272727272731,-0.019010003898429894,-0.006444541556115569,0.001322950584267495,-1.449137674618944,4.713463965953735e-05,0.015625,,,0.015625,DOWN
thyroid_cancer_recurrence,XGBoost,GMean,SMOTE,10,0.9734393656266478,0.970762574157838,-0.0026767914688099028,-0.005760011022102817,0.00040642808448301164,0.08112618884584057,-0.6210590034081189,4.713463965953735e-05,0.25,0.2433785665375217,0.75,0.75,ns
thyroid_cancer_recurrence,XGBoost,GMean,CTGAN,10,0.9734393656266478,0.9680691813593203,-0.005370184267327649,-0.008676584734226661,-0.002063783800428636,0.005121770402999326,-1.161867245189081,0.0001919149516148301,0.03125,0.020487081611997304,0.125,0.125,ns
thyroid_cancer_recurrence,XGBoost,GMean,TVAE,10,0.9734393656266478,0.9725471018037112,-0.0008922638229366342,-0.004515476299129452,0.0027309486532561835,0.5910512317836045,-0.17616606585441102,0.0037366127040503946,1.0,0.5910512317836045,1.0,1.0,ns
thyroid_cancer_recurrence,XGBoost,GMean,HYBRID,10,0.9734393656266478,0.9683996903257037,-0.0050396753009440244,-0.012035260630147655,0.0019559100282596073,0.13760906714043447,-0.5153488036705148,0.13332578322210492,0.25,0.27521813428086894,0.75,0.27521813428086894,ns
thyroid_cancer_recurrence,XGBoost,GMean,REAL_CW,10,0.9734393656266478,0.9671852182012376,-0.006254147425410361,-0.009341518928634366,-0.0031667759221863574,0.0013231028217327672,-1.4491121483287681,5.271512872322964e-05,0.015625,,,0.015625,DOWN
