dataset,model,train_set,AUC_PR_mean,AUC_PR_std,Recall_mean,Recall_std,Precision_mean,Precision_std,F1_mean,F1_std,BalancedAcc_mean,BalancedAcc_std,Specificity_mean,Specificity_std,GMean_mean,GMean_std
aids_clinical_trial_175,CatBoost,CTGAN,0.8665745029378513,0.00919277817463503,0.7644230769230769,0.013019292315121741,0.7661928339917156,0.016649877738925983,0.7651937232024035,0.011417237169085425,0.8447115384615385,0.007254665896979666,0.925,0.00713520201004103,0.8408526729023593,0.007722770073869478
aids_clinical_trial_175,CatBoost,HYBRID,0.8676751990410224,0.007009706915724844,0.7480769230769231,0.017437782703506974,0.7788809233864563,0.00950277139920067,0.7630505293378815,0.010016264196009206,0.8399335232668566,0.008151208059504002,0.9317901234567902,0.0039712467213207266,0.8348363102428159,0.00910972474972153
aids_clinical_trial_175,CatBoost,REAL,0.8716841200975957,0.0025411465008842735,0.7442307692307693,0.00810840425684199,0.8090426060549015,0.017797397568940523,0.7752204374931457,0.010988783703154908,0.8438746438746438,0.00601756757906667,0.9435185185185185,0.006181406948888776,0.8379613259259708,0.0062118956641633895
aids_clinical_trial_175,CatBoost,REAL_CW,0.8682528430347896,0.005250271159743165,0.7913461538461538,0.009121954788947248,0.7609248766959047,0.015759507320687722,0.7757390369041721,0.009373611782387855,0.8557039411206079,0.005424083634696307,0.9200617283950617,0.007045635254429624,0.8532598052454101,0.005596534944768831
aids_clinical_trial_175,CatBoost,SMOTE,0.8692131097188168,0.003872626926103841,0.7884615384615385,0.011102889792108188,0.7826357904194567,0.011048157196950435,0.7854407885416126,0.0061681375469751065,0.8590455840455841,0.004714318355612028,0.9296296296296298,0.004997925021189731,0.8561111837128645,0.005178985020308716
aids_clinical_trial_175,CatBoost,TVAE,0.8651874958370428,0.0049997487723491205,0.7855769230769231,0.011149055853157744,0.794997461688191,0.017145142616237997,0.7901824635191307,0.011830187450157242,0.8602267331433998,0.00716210120077139,0.9348765432098766,0.006579537841695272,0.8569624414961264,0.00743326539720995
aids_clinical_trial_175,XGBoost,CTGAN,0.8548814867612962,0.011766377799865599,0.760576923076923,0.01317615691736826,0.7552173566095413,0.02059104592296088,0.7577376661566066,0.013143005304026217,0.8406279677113011,0.007943934862104261,0.920679012345679,0.008613759542771403,0.8367718897500411,0.008306107086061073
aids_clinical_trial_175,XGBoost,HYBRID,0.8587941312640041,0.004700188995439725,0.7528846153846154,0.011149055853157737,0.7725772377033303,0.016711537687852416,0.7624559885958598,0.008691513627341102,0.8407941595441596,0.005293596195140632,0.9287037037037038,0.007194293718949394,0.8361507948919901,0.00575346959126904
aids_clinical_trial_175,XGBoost,REAL,0.8637462192051725,0.00342584156926834,0.7336538461538462,0.01286051451778138,0.8074853387903858,0.006590567314899163,0.7687218784609027,0.0069749280022960046,0.8387405033238367,0.00572777336222839,0.9438271604938272,0.002836224023063835,0.8320954713224479,0.006713142425816321
aids_clinical_trial_175,XGBoost,REAL_CW,0.860748528847455,0.0026456257562985468,0.7625,0.012860514517781344,0.7806069577040733,0.009258347816866538,0.7713753826671679,0.00807100845890122,0.8468364197530864,0.006190269226449787,0.9311728395061729,0.0038631652994893994,0.8425942806609766,0.006831357806610827
aids_clinical_trial_175,XGBoost,SMOTE,0.8611690490002124,0.003406848822061476,0.7586538461538461,0.007094853724736763,0.7797020120058836,0.00877903218382118,0.7690119470902758,0.006640285973605652,0.8449133428300095,0.004249664026673998,0.9311728395061728,0.003269598473677093,0.8404906470903677,0.004518282390312226
aids_clinical_trial_175,XGBoost,TVAE,0.8522980042984521,0.005480512287431206,0.7567307692307692,0.01436955882785889,0.7709767419396373,0.01520714401864845,0.7637127226989343,0.012502012594951975,0.8422542735042736,0.008352069727511163,0.9277777777777778,0.005856069741052544,0.8378685990939798,0.00890785114561856
cdc_diabetes,CatBoost,CTGAN,0.34824811023257196,0.007923238079353445,0.5834913000424388,0.02491306785826275,0.32560219642942345,0.008447488996687201,0.4176293614736668,0.005673465182926404,0.6937402912834998,0.0065452413273112825,0.8039892825245609,0.01451644365843517,0.6846505113567053,0.009274617196957043
cdc_diabetes,CatBoost,HYBRID,0.41382138063321455,0.002373421981447854,0.17811571650869992,0.0032130347937780134,0.5319734647297922,0.004878550926959052,0.2668584807198766,0.0036994853640084225,0.5763720772297777,0.0014171107486197342,0.9746284379508554,0.0006473170015823055,0.41663330684114486,0.00366829900151114
cdc_diabetes,CatBoost,REAL,0.42423380223208235,0.0005087565976113555,0.1617343330032536,0.0016033135547901143,0.5581407989892726,0.0029508284044538545,0.25079253789534484,0.002122381526383916,0.5705035051555303,0.0007811344583573476,0.9792726773078068,0.00020295716132381797,0.3979679311631152,0.0019613072823617293
cdc_diabetes,CatBoost,REAL_CW,0.4236730030915236,0.00034161686859488253,0.7937756401188286,0.0007538782059399653,0.307906805681774,0.000178998457592154,0.4437011331406987,0.00023558210080232032,0.752470983546716,0.0002857577797145864,0.7111663269746032,0.00033539786373870694,0.7513363320990786,0.00026479720995013876
cdc_diabetes,CatBoost,SMOTE,0.4182041547265059,0.00031947458090276777,0.2549299759513368,0.0017420923774758273,0.5020790786471285,0.0019406553680395898,0.33815658568528917,0.0017063656546157904,0.6070010220517442,0.0007903401055780432,0.9590720681521516,0.0003607680671198988,0.4944628387938713,0.0016399191202517128
cdc_diabetes,CatBoost,TVAE,0.32219690118679145,0.00836329527740076,0.4581694723440373,0.043587499551571256,0.32568913631743496,0.009007478378565281,0.37965097264067077,0.013919440826755008,0.6521009726892972,0.013499071626232246,0.8460324730345571,0.017704928178042846,0.6216338600496607,0.024257876360807402
cdc_diabetes,XGBoost,CTGAN,0.33715442584591165,0.007278231110779921,0.5591031263262131,0.02360945112046139,0.3247398223698895,0.008625769823569593,0.4105190246390896,0.005953468068645622,0.6852732752111061,0.0063382505639837435,0.8114434240959992,0.013872309876533047,0.6733028731450068,0.009349818560125322
cdc_diabetes,XGBoost,HYBRID,0.41431996504523444,0.0022059539053391848,0.17882303013156028,0.004003642254857186,0.5297196162707996,0.006101958772415245,0.26734315192337865,0.004166462275096994,0.5765551246565466,0.0015929120633072576,0.974287219181533,0.001030090998609918,0.41737726971860195,0.004482575054425578
cdc_diabetes,XGBoost,REAL,0.4218909594986803,0.00048652008560808876,0.1669826000848776,0.0015456236822842253,0.5518190390348796,0.0031235435031285734,0.2563808569009442,0.0020643018313766305,0.5725139029233329,0.000771738816281706,0.9780452057617881,0.00020255481028253608,0.40412048666595857,0.0018685316588190662
cdc_diabetes,XGBoost,REAL_CW,0.4228256128930923,0.0006054531494272112,0.7852454378271325,0.0009081324203636954,0.31041545817842114,0.0005117054869425451,0.44494091763557425,0.0005780527567774141,0.7514257051503126,0.0004952269582721212,0.7176059724734926,0.0006763367460110915,0.7506640167794896,0.00048812928431207596
cdc_diabetes,XGBoost,SMOTE,0.41169365619497145,0.0008650955990082177,0.3372046965624558,0.0029045252096289503,0.45985905635194896,0.002907433258707171,0.3890787567491741,0.0014613910762474697,0.6365392342591976,0.0009678199145355377,0.9358737719559393,0.0011922390384334787,0.5617599878474483,0.002107499101516222
cdc_diabetes,XGBoost,TVAE,0.3189492835766127,0.0082065170735096,0.4341208091667846,0.040306081976017684,0.32633991763630177,0.009161867366662618,0.3714983293845554,0.012745114716557506,0.6442914944224011,0.01192717932787574,0.8544621796780177,0.017345968620373547,0.6081510896531892,0.023134159392851225
credit_card_default,CatBoost,CTGAN,0.530024604242437,0.0035733797338634295,0.3948756593820648,0.004096836581336359,0.6317682581936197,0.005718653027504251,0.48596566785159717,0.0030576048873553474,0.6647500488222116,0.00165751331529326,0.9346244382623581,0.0019146965591653228,0.607494052545686,0.002820584250564219
credit_card_default,CatBoost,HYBRID,0.5327799909030417,0.006317609395852241,0.3957799547852298,0.004683253930739585,0.6225701606625073,0.011960056696075673,0.48386438836791823,0.004836568399909288,0.6637898275959104,0.0025136605525862533,0.931799700406591,0.0036845462782919784,0.6072663644179326,0.0034319230785039034
credit_card_default,CatBoost,REAL,0.5592758367680548,0.0020927678977306933,0.3648078372268274,0.002548094378882835,0.6612526496151907,0.002487725151011095,0.47020176368201183,0.002366489394232673,0.6558685023925706,0.0012025029873940307,0.9469291675583136,0.0006052700887537542,0.587744089003748,0.0019954608783798126
credit_card_default,CatBoost,REAL_CW,0.5597526603431817,0.0024276805619597264,0.6129615674453655,0.002566599301571424,0.4825077807051734,0.0019438604262590074,0.5399631948991649,0.0015934214645572898,0.7131360373071038,0.0011648229695986221,0.8133105071688422,0.0016396998945082846,0.7060628820890027,0.0013156626075431078
credit_card_default,CatBoost,SMOTE,0.551479302636103,0.0018334363594751924,0.46691785983421247,0.004963210865703475,0.5637755299218716,0.005429087170451172,0.5107747898013275,0.003913668519217886,0.6821535586352745,0.0023533556337559246,0.8973892574363364,0.002415293951542465,0.6472973556474956,0.0032427017097651405
credit_card_default,CatBoost,TVAE,0.5250475179311562,0.002960363445435237,0.4351921627731725,0.005260083293487061,0.5771424232834819,0.007604657847691801,0.4961745982400557,0.004078477216819133,0.672303977812865,0.002321454597590717,0.9094157928525572,0.003223453924929262,0.629088867518846,0.00339875449247019
credit_card_default,XGBoost,CTGAN,0.5371012508670124,0.004843295897331079,0.3825923134890731,0.004646055137314708,0.6339143449670049,0.005529180631272549,0.4771767097890285,0.004809685566510048,0.6599244469221526,0.0025081713087819583,0.9372565803552322,0.001126951574756067,0.5988118957454887,0.0037290831371410518
credit_card_default,XGBoost,HYBRID,0.5338841923790737,0.005903961285124631,0.3785983421250942,0.006266753531077682,0.6296548586197774,0.009862310659659614,0.4728108213780288,0.005297115717109818,0.6576599671250337,0.002772756158474156,0.9367215921249732,0.003007883803977204,0.5954952204989982,0.004567893760928956
credit_card_default,XGBoost,REAL,0.5497829732197992,0.0020745457578648843,0.3655614167294649,0.0036994537177493874,0.6547423526851984,0.0052550890043261,0.46916805800820366,0.0042345988633341845,0.6554107105046854,0.0021305378844726813,0.9452600042799059,0.0008666148825729274,0.5878293893723631,0.003139220846744251
credit_card_default,XGBoost,REAL_CW,0.5478897981051417,0.0023161201288428384,0.5910324039186134,0.0023843511630413333,0.4812249139808949,0.0041773106357918775,0.5304968809352417,0.0028879839741182156,0.7050389924579157,0.0018619655237493706,0.819045580997218,0.002984362791067651,0.695757925627858,0.001844460638538019
credit_card_default,XGBoost,SMOTE,0.5286082356759484,0.002592516388778866,0.4694800301431801,0.004065916617995142,0.5288483510243019,0.007678161948809393,0.4973786600161024,0.004806353837111365,0.675334921983638,0.0028226612095876035,0.8811898138240959,0.0033651662186217138,0.6431901842400325,0.003199547344666783
credit_card_default,XGBoost,TVAE,0.5233910909451771,0.003332816641919966,0.4099472494348154,0.0072455187650620236,0.5861638827850978,0.003144347775011082,0.4824312130607666,0.004996450498005903,0.6638758288689164,0.0028882957294967724,0.9178044083030172,0.0019045714576831974,0.6133674705189526,0.0048874721453382765
taiwanese_bankruptcy_prediction,CatBoost,CTGAN,0.5119056227344784,0.026838248012462783,0.24545454545454543,0.03833063830507128,0.6093297582190771,0.057457411679174536,0.34840379244052816,0.040358650277193195,0.6200757575757575,0.018949492257327893,0.9946969696969697,0.001237116031708687,0.4928835567016039,0.03656343388006502
taiwanese_bankruptcy_prediction,CatBoost,HYBRID,0.4902198044295082,0.051395715643777574,0.24090909090909088,0.02667699524493791,0.6159861049683031,0.09009644350971598,0.34530157570406045,0.03672438755361264,0.6178787878787879,0.013535212195854851,0.9948484848484849,0.0016674317191130294,0.48888253717345354,0.027288039439198365
taiwanese_bankruptcy_prediction,CatBoost,REAL,0.5131105113214595,0.024462138441384274,0.24090909090909088,0.034216938759503684,0.6156617647058823,0.05397636530966033,0.34562520166892235,0.041545784595403285,0.6179545454545454,0.017130074283394043,0.9949999999999999,0.0008143694695250903,0.48846336225437953,0.03510495766734514
taiwanese_bankruptcy_prediction,CatBoost,REAL_CW,0.4727155471812348,0.028556671088616568,0.6022727272727273,0.019314467854518107,0.45042956379481297,0.018700352834861964,0.5151953932931572,0.016269114153911312,0.7888636363636363,0.009647654482651785,0.9754545454545454,0.0017568209223158176,0.7663891511415852,0.012275389601539786
taiwanese_bankruptcy_prediction,CatBoost,SMOTE,0.5044623441793668,0.026368763792821177,0.6272727272727272,0.011736313170325486,0.4168488408567191,0.018661822853540493,0.5007136433539983,0.016026149216742516,0.7989772727272728,0.006353532342502224,0.9706818181818182,0.0019576815599307534,0.7802807337322231,0.007685566508891422
taiwanese_bankruptcy_prediction,CatBoost,TVAE,0.4471632710172191,0.022000512831027715,0.3954545454545454,0.04694525268130201,0.5789601247123495,0.04329478440368893,0.4694526178137478,0.04610554137559902,0.6929545454545455,0.023627782695172614,0.9904545454545456,0.0009582659576268192,0.6248387716496672,0.0375500045314802
taiwanese_bankruptcy_prediction,XGBoost,CTGAN,0.5137007174312305,0.016216968757533836,0.2681818181818182,0.03520893951097653,0.6123483843298085,0.06178743452771999,0.37220383353646175,0.041961057014858694,0.63125,0.017667972198529152,0.9943181818181819,0.001143356709360829,0.5153526120886728,0.03453157316608881
taiwanese_bankruptcy_prediction,XGBoost,HYBRID,0.5251814707299072,0.02221617683649856,0.3090909090909091,0.02874797872880344,0.6448066477128263,0.04839202161646393,0.41667811590531906,0.027533485178523824,0.6516666666666666,0.014106649186475079,0.9942424242424244,0.0012974982402692416,0.5538184420812141,0.025428880489617955
taiwanese_bankruptcy_prediction,XGBoost,REAL,0.48720991029026167,0.017312238161906343,0.3090909090909091,0.03892494720807614,0.638763484798954,0.048945247114289984,0.4157588308924548,0.04201059311933826,0.6516287878787879,0.019498522792317938,0.9941666666666666,0.0010132526589767615,0.5533923217832981,0.03410576840868029
taiwanese_bankruptcy_prediction,XGBoost,REAL_CW,0.4662045762125935,0.017631789795020725,0.5,0.03214121732666126,0.5046176885130373,0.021606231443615988,0.5020235928779129,0.024589985597286163,0.7418181818181818,0.01602013514704476,0.9836363636363636,0.0010832126560367558,0.7009693519642778,0.022526673049012645
taiwanese_bankruptcy_prediction,XGBoost,SMOTE,0.4768281549210024,0.010108583107933748,0.6,0.02874797872880344,0.4800010792841354,0.011329744381287718,0.5331225331128434,0.016027580487905764,0.7891666666666667,0.014094212349503005,0.9783333333333333,0.0010226493298644906,0.7659540281163836,0.01824584122331448
taiwanese_bankruptcy_prediction,XGBoost,TVAE,0.4703774275754771,0.029977740522306163,0.3704545454545454,0.03396441177493924,0.632602831950658,0.05551758012024995,0.46609267611694244,0.034249314235500206,0.681590909090909,0.016912783348334345,0.9927272727272728,0.0016826597221169387,0.6058608359115522,0.027637905636892536
thyroid_cancer_recurrence,CatBoost,CTGAN,0.9859111676033931,0.003070229425968019,0.9136363636363637,0.0143739893644017,0.9861471861471862,0.030935474045279316,0.9482734319943622,0.017605015487724508,0.9540909090909091,0.010152645798636915,0.9945454545454545,0.01227179195837367,0.9531967908037565,0.010196075052738156
thyroid_cancer_recurrence,CatBoost,HYBRID,0.9857195729118056,0.005826341419872711,0.9136363636363637,0.025802100554433948,0.9906926406926407,0.019628267670948392,0.9502637181309899,0.01373100847146351,0.9550000000000001,0.012016593975089876,0.9963636363636363,0.007666127661014251,0.9539945102312222,0.012579009543593304
thyroid_cancer_recurrence,CatBoost,REAL,0.9821128771719749,0.003037376723032982,0.9090909090909092,0.0,1.0,0.0,0.9523809523809523,0.0,0.9545454545454547,0.0,1.0,0.0,0.9534625892455925,0.0
thyroid_cancer_recurrence,CatBoost,REAL_CW,0.9819493100869525,0.004226587689284908,0.9090909090909092,0.0,1.0,0.0,0.9523809523809523,0.0,0.9545454545454547,0.0,1.0,0.0,0.9534625892455925,0.0
thyroid_cancer_recurrence,CatBoost,SMOTE,0.9807319614768042,0.0026250008137919402,0.9090909090909092,0.0,1.0,0.0,0.9523809523809523,0.0,0.9545454545454547,0.0,1.0,0.0,0.9534625892455925,0.0
thyroid_cancer_recurrence,CatBoost,TVAE,0.980339567596246,0.003344807023258872,0.9090909090909092,0.0,1.0,0.0,0.9523809523809523,0.0,0.9545454545454547,0.0,1.0,0.0,0.9534625892455925,0.0
thyroid_cancer_recurrence,XGBoost,CTGAN,0.9933763224165976,0.0023245338929195575,0.9545454545454547,0.0,0.9553359683794467,0.029003467905280713,0.9547427766032417,0.014472526360132625,0.9681818181818184,0.006060606060605997,0.9818181818181818,0.012121212121212126,0.9680691813593201,0.005976132800442402
thyroid_cancer_recurrence,XGBoost,HYBRID,0.9942324511363628,0.003208008702766281,0.95,0.014373989364401707,0.9685770750988143,0.02984778624195498,0.9588674116581093,0.013929174275078825,0.9686363636363637,0.007560590878711827,0.9872727272727273,0.012271791958373706,0.9683996903257037,0.007694113659327901
thyroid_cancer_recurrence,XGBoost,REAL,0.9939300699300698,0.0007944581222989849,0.9545454545454547,0.0,0.9818181818181818,0.023472626340651,0.9678646934460888,0.011463375654736485,0.9736363636363636,0.0046945252681300734,0.9927272727272728,0.00938905053626042,0.9734393656266478,0.004607630568875896
thyroid_cancer_recurrence,XGBoost,REAL_CW,0.9928873348873347,0.0010892484707799939,0.9545454545454547,0.0,0.9503952569169961,0.013124077245758094,0.9524242424242425,0.006707861703387521,0.9672727272727274,0.002874797872880366,0.9800000000000001,0.0057495957457606925,0.9671852182012375,0.0028478349612810635
thyroid_cancer_recurrence,XGBoost,SMOTE,0.9936693861693862,0.0016264184321284423,0.9545454545454547,0.0,0.9681818181818181,0.021956631433620356,0.9612050739957716,0.010723006048977335,0.970909090909091,0.00439132628672395,0.9872727272727273,0.008782652573448135,0.970762574157838,0.004310043738390001
thyroid_cancer_recurrence,XGBoost,TVAE,0.9930411810411808,0.0012099823885026303,0.9545454545454547,0.0,0.9772727272727273,0.023956648940669505,0.9656448202959831,0.011699758784978118,0.9727272727272729,0.004791329788133759,0.990909090909091,0.009582659576267843,0.9725471018037112,0.004702643257081569
