dataset,run,seed,train_set,model,AUC_PR,Recall,Precision,F1,BalancedAcc,Specificity,GMean,TN,FP,FN,TP
aids_clinical_trial_175,1,42,REAL,XGBoost,0.8611815771295342,0.7019230769230769,0.8111111111111111,0.7525773195876289,0.8247269705603039,0.9475308641975309,0.815532819497237,307,17,31,73
aids_clinical_trial_175,1,42,REAL,CatBoost,0.8694388322636137,0.75,0.8387096774193549,0.7918781725888324,0.8518518518518519,0.9537037037037037,0.8457409637576849,309,15,26,78
aids_clinical_trial_175,1,42,REAL_CW,XGBoost,0.8650590322436452,0.7403846153846154,0.7857142857142857,0.7623762376237625,0.8377849002849003,0.9351851851851852,0.832103793794214,303,21,27,77
aids_clinical_trial_175,1,42,REAL_CW,CatBoost,0.870395339570175,0.7884615384615384,0.7663551401869159,0.7772511848341231,0.855650522317189,0.9228395061728395,0.8530084740435604,299,25,22,82
aids_clinical_trial_175,1,42,SMOTE,XGBoost,0.8606122217116533,0.75,0.7722772277227723,0.7609756097560977,0.8395061728395061,0.9290123456790124,0.8347210667398177,301,23,26,78
aids_clinical_trial_175,1,42,SMOTE,CatBoost,0.8694839728836293,0.7788461538461539,0.7864077669902912,0.782608695652174,0.8554724596391263,0.9320987654320988,0.8520337660336816,302,22,23,81
aids_clinical_trial_175,1,42,CTGAN,XGBoost,0.8536778621220111,0.75,0.78,0.7647058823529411,0.8410493827160495,0.9320987654320988,0.8361064968495784,302,22,26,78
aids_clinical_trial_175,1,42,CTGAN,CatBoost,0.8661306011038075,0.7596153846153846,0.7596153846153846,0.7596153846153846,0.841227445394112,0.9228395061728395,0.837259270727863,299,25,25,79
aids_clinical_trial_175,1,42,TVAE,XGBoost,0.8504353588057377,0.75,0.78,0.7647058823529411,0.8410493827160495,0.9320987654320988,0.8361064968495784,302,22,26,78
aids_clinical_trial_175,1,42,TVAE,CatBoost,0.8677149813943468,0.7788461538461539,0.7864077669902912,0.782608695652174,0.8554724596391263,0.9320987654320988,0.8520337660336816,302,22,23,81
aids_clinical_trial_175,1,42,HYBRID,XGBoost,0.8631828746695545,0.7692307692307693,0.7920792079207921,0.7804878048780488,0.8522079772079773,0.9351851851851852,0.8481587229836285,303,21,24,80
aids_clinical_trial_175,1,42,HYBRID,CatBoost,0.8707670318071181,0.7596153846153846,0.7745098039215687,0.766990291262136,0.8443138651471984,0.9290123456790124,0.8400548019477084,301,23,25,79
aids_clinical_trial_175,2,43,REAL,XGBoost,0.8657094858236597,0.7211538461538461,0.8064516129032258,0.7614213197969544,0.8327991452991452,0.9444444444444444,0.825281614716906,306,18,29,75
aids_clinical_trial_175,2,43,REAL,CatBoost,0.8689466522083024,0.7403846153846154,0.7857142857142857,0.7623762376237625,0.8377849002849003,0.9351851851851852,0.832103793794214,303,21,27,77
aids_clinical_trial_175,2,43,REAL_CW,XGBoost,0.8620004476833112,0.7596153846153846,0.79,0.7745098039215687,0.8474002849002849,0.9351851851851852,0.8428410610139103,303,21,25,79
aids_clinical_trial_175,2,43,REAL_CW,CatBoost,0.8705338235724787,0.7980769230769231,0.7545454545454545,0.7757009345794391,0.8573717948717949,0.9166666666666666,0.8553189538531886,297,27,21,83
aids_clinical_trial_175,2,43,SMOTE,XGBoost,0.8614064716908671,0.7692307692307693,0.7920792079207921,0.7804878048780488,0.8522079772079773,0.9351851851851852,0.8481587229836285,303,21,24,80
aids_clinical_trial_175,2,43,SMOTE,CatBoost,0.8691775992138144,0.7692307692307693,0.7920792079207921,0.7804878048780488,0.8522079772079773,0.9351851851851852,0.8481587229836285,303,21,24,80
aids_clinical_trial_175,2,43,CTGAN,XGBoost,0.843371878970648,0.7403846153846154,0.7403846153846154,0.7403846153846154,0.828525641025641,0.9166666666666666,0.8238239480835073,297,27,27,77
aids_clinical_trial_175,2,43,CTGAN,CatBoost,0.8653941546012625,0.7596153846153846,0.7669902912621359,0.7632850241545893,0.8427706552706553,0.9259259259259259,0.8386582011448873,300,24,25,79
aids_clinical_trial_175,2,43,TVAE,XGBoost,0.8511794731217849,0.7884615384615384,0.7961165048543689,0.7922705314009661,0.8618233618233618,0.9351851851851852,0.8586952601811366,303,21,22,82
aids_clinical_trial_175,2,43,TVAE,CatBoost,0.8613089504513469,0.7884615384615384,0.780952380952381,0.7846889952153111,0.8587369420702754,0.9290123456790124,0.8558565903957489,301,23,22,82
aids_clinical_trial_175,2,43,HYBRID,XGBoost,0.8553436746872649,0.7596153846153846,0.7452830188679245,0.7523809523809523,0.8381410256410255,0.9166666666666666,0.8344543741655996,297,27,25,79
aids_clinical_trial_175,2,43,HYBRID,CatBoost,0.8629347939871435,0.7307692307692307,0.7676767676767676,0.7487684729064039,0.8298907882241215,0.9290123456790124,0.8239500210734693,301,23,28,76
aids_clinical_trial_175,3,44,REAL,XGBoost,0.8649194078188502,0.7403846153846154,0.8105263157894737,0.7738693467336684,0.8424145299145299,0.9444444444444444,0.8362129733220699,306,18,27,77
aids_clinical_trial_175,3,44,REAL,CatBoost,0.8690971701688385,0.7403846153846154,0.7938144329896907,0.7661691542288558,0.8393281101614435,0.9382716049382716,0.8334757713026384,304,20,27,77
aids_clinical_trial_175,3,44,REAL_CW,XGBoost,0.8594479897104121,0.7596153846153846,0.7745098039215687,0.766990291262136,0.8443138651471984,0.9290123456790124,0.8400548019477084,301,23,25,79
aids_clinical_trial_175,3,44,REAL_CW,CatBoost,0.8688614793273777,0.7884615384615384,0.7321428571428571,0.7592592592592592,0.8479344729344729,0.9074074074074074,0.8458462274289816,294,30,22,82
aids_clinical_trial_175,3,44,SMOTE,XGBoost,0.8634493340165227,0.7596153846153846,0.797979797979798,0.7783251231527094,0.8489434947768281,0.9382716049382716,0.8442307421901191,304,20,25,79
aids_clinical_trial_175,3,44,SMOTE,CatBoost,0.8727286656923918,0.7884615384615384,0.7663551401869159,0.7772511848341231,0.855650522317189,0.9228395061728395,0.8530084740435604,299,25,22,82
aids_clinical_trial_175,3,44,CTGAN,XGBoost,0.838823945024186,0.7692307692307693,0.7476635514018691,0.7582938388625592,0.842948717948718,0.9166666666666666,0.8397191227596316,297,27,24,80
aids_clinical_trial_175,3,44,CTGAN,CatBoost,0.8524149902170876,0.7788461538461539,0.7297297297297297,0.7534883720930232,0.8431267806267806,0.9074074074074074,0.8406728074767075,294,30,23,81
aids_clinical_trial_175,3,44,TVAE,XGBoost,0.8475560370591422,0.7692307692307693,0.7692307692307693,0.7692307692307693,0.8475783475783476,0.9259259259259259,0.8439494725697222,300,24,24,80
aids_clinical_trial_175,3,44,TVAE,CatBoost,0.8609452573853242,0.8076923076923077,0.7850467289719626,0.7962085308056873,0.8683523266856601,0.9290123456790124,0.8662309884529215,301,23,20,84
aids_clinical_trial_175,3,44,HYBRID,XGBoost,0.8621016902344086,0.75,0.7959183673469388,0.7722772277227722,0.8441358024691358,0.9382716049382716,0.8388704928078611,304,20,26,78
aids_clinical_trial_175,3,44,HYBRID,CatBoost,0.8788412227370529,0.7596153846153846,0.7821782178217822,0.7707317073170732,0.8458570750237417,0.9320987654320988,0.841449084736105,302,22,25,79
aids_clinical_trial_175,4,45,REAL,XGBoost,0.8647090882004513,0.7403846153846154,0.8105263157894737,0.7738693467336684,0.8424145299145299,0.9444444444444444,0.8362129733220699,306,18,27,77
aids_clinical_trial_175,4,45,REAL,CatBoost,0.8759464562038223,0.7403846153846154,0.8279569892473119,0.7817258883248731,0.8455009496676164,0.9506172839506173,0.8389412447577872,308,16,27,77
aids_clinical_trial_175,4,45,REAL_CW,XGBoost,0.8582748481791302,0.7692307692307693,0.7766990291262136,0.7729468599033817,0.8491215574548908,0.9290123456790124,0.8453548848214861,301,23,24,80
aids_clinical_trial_175,4,45,REAL_CW,CatBoost,0.8613893854994945,0.7884615384615384,0.7387387387387387,0.7627906976744186,0.8494776828110162,0.9104938271604939,0.8472835202709286,295,29,22,82
aids_clinical_trial_175,4,45,SMOTE,XGBoost,0.8600373746394792,0.7692307692307693,0.7766990291262136,0.7729468599033817,0.8491215574548908,0.9290123456790124,0.8453548848214861,301,23,24,80
aids_clinical_trial_175,4,45,SMOTE,CatBoost,0.8711594457800659,0.7980769230769231,0.7830188679245284,0.7904761904761906,0.8635446343779678,0.9290123456790124,0.8610594139430688,301,23,21,83
aids_clinical_trial_175,4,45,CTGAN,XGBoost,0.8739695629818742,0.7788461538461539,0.7864077669902912,0.782608695652174,0.8554724596391263,0.9320987654320988,0.8520337660336816,302,22,23,81
aids_clinical_trial_175,4,45,CTGAN,CatBoost,0.8756828999675925,0.7692307692307693,0.7692307692307693,0.7692307692307693,0.8475783475783476,0.9259259259259259,0.8439494725697222,300,24,24,80
aids_clinical_trial_175,4,45,TVAE,XGBoost,0.8473053085908426,0.75,0.7722772277227723,0.7609756097560977,0.8395061728395061,0.9290123456790124,0.8347210667398177,301,23,26,78
aids_clinical_trial_175,4,45,TVAE,CatBoost,0.8698510277112266,0.7788461538461539,0.801980198019802,0.7902439024390243,0.8585588793922128,0.9382716049382716,0.8548504142651103,304,20,23,81
aids_clinical_trial_175,4,45,HYBRID,XGBoost,0.8617675291413238,0.7307692307692307,0.7835051546391752,0.7562189054726368,0.832977207977208,0.9351851851851852,0.8266828644677222,303,21,28,76
aids_clinical_trial_175,4,45,HYBRID,CatBoost,0.8575775675460232,0.7307692307692307,0.8,0.763819095477387,0.8360636277302944,0.941358024691358,0.8294067033621962,305,19,28,76
aids_clinical_trial_175,5,46,REAL,XGBoost,0.8590395952025038,0.7403846153846154,0.7938144329896907,0.7661691542288558,0.8393281101614435,0.9382716049382716,0.8334757713026384,304,20,27,77
aids_clinical_trial_175,5,46,REAL,CatBoost,0.8752299320052351,0.7403846153846154,0.8105263157894737,0.7738693467336684,0.8424145299145299,0.9444444444444444,0.8362129733220699,306,18,27,77
aids_clinical_trial_175,5,46,REAL_CW,XGBoost,0.8552306125914069,0.7692307692307693,0.7692307692307693,0.7692307692307693,0.8475783475783476,0.9259259259259259,0.8439494725697222,300,24,24,80
aids_clinical_trial_175,5,46,REAL_CW,CatBoost,0.8762678857090958,0.7692307692307693,0.7692307692307693,0.7692307692307693,0.8475783475783476,0.9259259259259259,0.8439494725697222,300,24,24,80
aids_clinical_trial_175,5,46,SMOTE,XGBoost,0.8566933137089678,0.7596153846153846,0.7745098039215687,0.766990291262136,0.8443138651471984,0.9290123456790124,0.8400548019477084,301,23,25,79
aids_clinical_trial_175,5,46,SMOTE,CatBoost,0.8632880372426535,0.7884615384615384,0.780952380952381,0.7846889952153111,0.8587369420702754,0.9290123456790124,0.8558565903957489,301,23,22,82
aids_clinical_trial_175,5,46,CTGAN,XGBoost,0.8419169033798725,0.7596153846153846,0.7247706422018348,0.7417840375586855,0.833511396011396,0.9074074074074074,0.830229261578166,294,30,25,79
aids_clinical_trial_175,5,46,CTGAN,CatBoost,0.8513711481277786,0.7403846153846154,0.7623762376237624,0.751219512195122,0.8331552706552707,0.9259259259259259,0.8279742209400669,300,24,27,77
aids_clinical_trial_175,5,46,TVAE,XGBoost,0.8601195683376756,0.7403846153846154,0.7777777777777778,0.7586206896551725,0.8362416904083572,0.9320987654320988,0.8307295504223497,302,22,27,77
aids_clinical_trial_175,5,46,TVAE,CatBoost,0.8740083517963139,0.7884615384615384,0.803921568627451,0.7961165048543688,0.863366571699905,0.9382716049382716,0.8601110818518771,304,20,22,82
aids_clinical_trial_175,5,46,HYBRID,XGBoost,0.8663150300064483,0.75,0.78,0.7647058823529411,0.8410493827160495,0.9320987654320988,0.8361064968495784,302,22,26,78
aids_clinical_trial_175,5,46,HYBRID,CatBoost,0.8752105458976236,0.7403846153846154,0.7777777777777778,0.7586206896551725,0.8362416904083572,0.9320987654320988,0.8307295504223497,302,22,27,77
aids_clinical_trial_175,6,47,REAL,XGBoost,0.8705502364549824,0.7307692307692307,0.8172043010752689,0.7715736040609137,0.8391500474833808,0.9475308641975309,0.8321216261819747,307,17,28,76
aids_clinical_trial_175,6,47,REAL,CatBoost,0.8734841387574793,0.7596153846153846,0.8315789473684211,0.7939698492462313,0.8551163342830009,0.9506172839506173,0.8497667408001919,308,16,25,79
aids_clinical_trial_175,6,47,REAL_CW,XGBoost,0.8614533326544743,0.7692307692307693,0.7920792079207921,0.7804878048780488,0.8522079772079773,0.9351851851851852,0.8481587229836285,303,21,24,80
aids_clinical_trial_175,6,47,REAL_CW,CatBoost,0.8654751305550948,0.7980769230769231,0.7757009345794392,0.7867298578199052,0.8620014245014245,0.9259259259259259,0.8596278927304034,300,24,21,83
aids_clinical_trial_175,6,47,SMOTE,XGBoost,0.8606516241638815,0.75,0.7722772277227723,0.7609756097560977,0.8395061728395061,0.9290123456790124,0.8347210667398177,301,23,26,78
aids_clinical_trial_175,6,47,SMOTE,CatBoost,0.8725389654090667,0.7788461538461539,0.801980198019802,0.7902439024390243,0.8585588793922128,0.9382716049382716,0.8548504142651103,304,20,23,81
aids_clinical_trial_175,6,47,CTGAN,XGBoost,0.8654231107372871,0.7692307692307693,0.7547169811320755,0.7619047619047619,0.8444919278252612,0.9197530864197531,0.8411316033588566,298,26,24,80
aids_clinical_trial_175,6,47,CTGAN,CatBoost,0.8803686976674201,0.7788461538461539,0.7941176470588235,0.7864077669902914,0.8570156695156695,0.9351851851851852,0.853443252135363,303,21,23,81
aids_clinical_trial_175,6,47,TVAE,XGBoost,0.8576889596854268,0.75,0.7722772277227723,0.7609756097560977,0.8395061728395061,0.9290123456790124,0.8347210667398177,301,23,26,78
aids_clinical_trial_175,6,47,TVAE,CatBoost,0.8596101973872425,0.7788461538461539,0.7941176470588235,0.7864077669902914,0.8570156695156695,0.9351851851851852,0.853443252135363,303,21,23,81
aids_clinical_trial_175,6,47,HYBRID,XGBoost,0.8527350925165835,0.7596153846153846,0.7523809523809524,0.7559808612440191,0.8396842355175689,0.9197530864197531,0.835857998999787,298,26,25,79
aids_clinical_trial_175,6,47,HYBRID,CatBoost,0.8601451848130108,0.7403846153846154,0.77,0.7549019607843137,0.8346984805318138,0.9290123456790124,0.8293530299233945,301,23,27,77
aids_clinical_trial_175,7,48,REAL,XGBoost,0.8647500579212306,0.7403846153846154,0.8105263157894737,0.7738693467336684,0.8424145299145299,0.9444444444444444,0.8362129733220699,306,18,27,77
aids_clinical_trial_175,7,48,REAL,CatBoost,0.8719647890604256,0.7403846153846154,0.8020833333333334,0.77,0.8408713200379867,0.941358024691358,0.8348454941187216,305,19,27,77
aids_clinical_trial_175,7,48,REAL_CW,XGBoost,0.8624783919923685,0.7884615384615384,0.780952380952381,0.7846889952153111,0.8587369420702754,0.9290123456790124,0.8558565903957489,301,23,22,82
aids_clinical_trial_175,7,48,REAL_CW,CatBoost,0.8727695988735342,0.7884615384615384,0.780952380952381,0.7846889952153111,0.8587369420702754,0.9290123456790124,0.8558565903957489,301,23,22,82
aids_clinical_trial_175,7,48,SMOTE,XGBoost,0.8625751084891224,0.7596153846153846,0.7821782178217822,0.7707317073170732,0.8458570750237417,0.9320987654320988,0.841449084736105,302,22,25,79
aids_clinical_trial_175,7,48,SMOTE,CatBoost,0.8642293646112488,0.7884615384615384,0.7663551401869159,0.7772511848341231,0.855650522317189,0.9228395061728395,0.8530084740435604,299,25,22,82
aids_clinical_trial_175,7,48,CTGAN,XGBoost,0.8608805800424788,0.7788461538461539,0.75,0.7641509433962265,0.8477564102564102,0.9166666666666666,0.8449510682236621,297,27,23,81
aids_clinical_trial_175,7,48,CTGAN,CatBoost,0.8700307841762915,0.7788461538461539,0.7788461538461539,0.7788461538461539,0.8539292497625831,0.9290123456790124,0.8506219444075566,301,23,23,81
aids_clinical_trial_175,7,48,TVAE,XGBoost,0.8445661203125824,0.75,0.75,0.75,0.8348765432098766,0.9197530864197531,0.8305509104292251,298,26,26,78
aids_clinical_trial_175,7,48,TVAE,CatBoost,0.8584620124175988,0.7692307692307693,0.7619047619047619,0.7655502392344499,0.8460351377018044,0.9228395061728395,0.8425417160057279,299,25,24,80
aids_clinical_trial_175,7,48,HYBRID,XGBoost,0.8546307321911589,0.7403846153846154,0.77,0.7549019607843137,0.8346984805318138,0.9290123456790124,0.8293530299233945,301,23,27,77
aids_clinical_trial_175,7,48,HYBRID,CatBoost,0.8697473359873982,0.7884615384615384,0.780952380952381,0.7846889952153111,0.8587369420702754,0.9290123456790124,0.8558565903957489,301,23,22,82
aids_clinical_trial_175,8,49,REAL,XGBoost,0.8614921722339274,0.7403846153846154,0.8020833333333334,0.77,0.8408713200379867,0.941358024691358,0.8348454941187216,305,19,27,77
aids_clinical_trial_175,8,49,REAL,CatBoost,0.8695118969412674,0.75,0.7959183673469388,0.7722772277227722,0.8441358024691358,0.9382716049382716,0.8388704928078611,304,20,26,78
aids_clinical_trial_175,8,49,REAL_CW,XGBoost,0.8614685151365584,0.7596153846153846,0.79,0.7745098039215687,0.8474002849002849,0.9351851851851852,0.8428410610139103,303,21,25,79
aids_clinical_trial_175,8,49,REAL_CW,CatBoost,0.8621610803598885,0.7980769230769231,0.7545454545454545,0.7757009345794391,0.8573717948717949,0.9166666666666666,0.8553189538531886,297,27,21,83
aids_clinical_trial_175,8,49,SMOTE,XGBoost,0.8580746499549469,0.7596153846153846,0.7745098039215687,0.766990291262136,0.8443138651471984,0.9290123456790124,0.8400548019477084,301,23,25,79
aids_clinical_trial_175,8,49,SMOTE,CatBoost,0.8749901941692794,0.8076923076923077,0.7850467289719626,0.7962085308056873,0.8683523266856601,0.9290123456790124,0.8662309884529215,301,23,20,84
aids_clinical_trial_175,8,49,CTGAN,XGBoost,0.8667153959587263,0.7596153846153846,0.7523809523809524,0.7559808612440191,0.8396842355175689,0.9197530864197531,0.835857998999787,298,26,25,79
aids_clinical_trial_175,8,49,CTGAN,CatBoost,0.8719165251067631,0.7596153846153846,0.7745098039215687,0.766990291262136,0.8443138651471984,0.9290123456790124,0.8400548019477084,301,23,25,79
aids_clinical_trial_175,8,49,TVAE,XGBoost,0.8604289443185715,0.75,0.78,0.7647058823529411,0.8410493827160495,0.9320987654320988,0.8361064968495784,302,22,26,78
aids_clinical_trial_175,8,49,TVAE,CatBoost,0.8679101346206983,0.7788461538461539,0.801980198019802,0.7902439024390243,0.8585588793922128,0.9382716049382716,0.8548504142651103,304,20,23,81
aids_clinical_trial_175,8,49,HYBRID,XGBoost,0.8554040531173738,0.7596153846153846,0.7669902912621359,0.7632850241545893,0.8427706552706553,0.9259259259259259,0.8386582011448873,300,24,25,79
aids_clinical_trial_175,8,49,HYBRID,CatBoost,0.8737425490849069,0.75,0.78,0.7647058823529411,0.8410493827160495,0.9320987654320988,0.8361064968495784,302,22,26,78
aids_clinical_trial_175,9,50,REAL,XGBoost,0.8597695904415222,0.7403846153846154,0.8020833333333334,0.77,0.8408713200379867,0.941358024691358,0.8348454941187216,305,19,27,77
aids_clinical_trial_175,9,50,REAL,CatBoost,0.8713859509119354,0.7307692307692307,0.8,0.763819095477387,0.8360636277302944,0.941358024691358,0.8294067033621962,305,19,28,76
aids_clinical_trial_175,9,50,REAL_CW,XGBoost,0.8605802740641748,0.7596153846153846,0.7821782178217822,0.7707317073170732,0.8458570750237417,0.9320987654320988,0.841449084736105,302,22,25,79
aids_clinical_trial_175,9,50,REAL_CW,CatBoost,0.8727996780501333,0.7980769230769231,0.7685185185185185,0.7830188679245284,0.8604582146248814,0.9228395061728395,0.8581939836541893,299,25,21,83
aids_clinical_trial_175,9,50,SMOTE,XGBoost,0.8591638753335126,0.7596153846153846,0.7745098039215687,0.766990291262136,0.8443138651471984,0.9290123456790124,0.8400548019477084,301,23,25,79
aids_clinical_trial_175,9,50,SMOTE,CatBoost,0.8691115489947934,0.7980769230769231,0.7757009345794392,0.7867298578199052,0.8620014245014245,0.9259259259259259,0.8596278927304034,300,24,21,83
aids_clinical_trial_175,9,50,CTGAN,XGBoost,0.8550403717291833,0.75,0.7358490566037735,0.7428571428571428,0.8317901234567902,0.9135802469135802,0.8277591347639632,296,28,26,78
aids_clinical_trial_175,9,50,CTGAN,CatBoost,0.8688021781367642,0.75,0.7572815533980582,0.753623188405797,0.8364197530864197,0.9228395061728395,0.8319432851039965,299,25,26,78
aids_clinical_trial_175,9,50,TVAE,XGBoost,0.85275998787662,0.7692307692307693,0.7692307692307693,0.7692307692307693,0.8475783475783476,0.9259259259259259,0.8439494725697222,300,24,24,80
aids_clinical_trial_175,9,50,TVAE,CatBoost,0.865393321591665,0.7980769230769231,0.8217821782178217,0.8097560975609756,0.8712606837606838,0.9444444444444444,0.8681816147784496,306,18,21,83
aids_clinical_trial_175,9,50,HYBRID,XGBoost,0.8546848936653513,0.75,0.78,0.7647058823529411,0.8410493827160495,0.9320987654320988,0.8361064968495784,302,22,26,78
aids_clinical_trial_175,9,50,HYBRID,CatBoost,0.8643111269609137,0.7403846153846154,0.77,0.7549019607843137,0.8346984805318138,0.9290123456790124,0.8293530299233945,301,23,27,77
aids_clinical_trial_175,10,51,REAL,XGBoost,0.8653409808250628,0.7403846153846154,0.8105263157894737,0.7738693467336684,0.8424145299145299,0.9444444444444444,0.8362129733220699,306,18,27,77
aids_clinical_trial_175,10,51,REAL,CatBoost,0.8718353824550362,0.75,0.8041237113402062,0.7761194029850748,0.845679012345679,0.941358024691358,0.840249081236343,305,19,26,78
aids_clinical_trial_175,10,51,REAL_CW,XGBoost,0.8614918442190682,0.75,0.7647058823529411,0.7572815533980582,0.837962962962963,0.9259259259259259,0.8333333333333334,300,24,26,78
aids_clinical_trial_175,10,51,REAL_CW,CatBoost,0.8618750288306236,0.7980769230769231,0.7685185185185185,0.7830188679245284,0.8604582146248814,0.9228395061728395,0.8581939836541893,299,25,21,83
aids_clinical_trial_175,10,51,SMOTE,XGBoost,0.86902651629317,0.75,0.78,0.7647058823529411,0.8410493827160495,0.9320987654320988,0.8361064968495784,302,22,26,78
aids_clinical_trial_175,10,51,SMOTE,CatBoost,0.8654233031912248,0.7884615384615384,0.7884615384615384,0.7884615384615384,0.8602801519468186,0.9320987654320988,0.8572771002369615,302,22,22,82
aids_clinical_trial_175,10,51,CTGAN,XGBoost,0.8489952566666934,0.75,0.78,0.7647058823529411,0.8410493827160495,0.9320987654320988,0.8361064968495784,302,22,26,78
aids_clinical_trial_175,10,51,CTGAN,CatBoost,0.8636330502737454,0.7692307692307693,0.7692307692307693,0.7692307692307693,0.8475783475783476,0.9259259259259259,0.8439494725697222,300,24,24,80
aids_clinical_trial_175,10,51,TVAE,XGBoost,0.8509402848761373,0.75,0.7428571428571429,0.7464114832535885,0.8333333333333333,0.9166666666666666,0.82915619758885,297,27,26,78
aids_clinical_trial_175,10,51,TVAE,CatBoost,0.8666707236146648,0.7884615384615384,0.8118811881188119,0.8,0.8649097815764482,0.941358024691358,0.8615245767772751,305,19,22,82
aids_clinical_trial_175,10,51,HYBRID,XGBoost,0.861775742410573,0.7596153846153846,0.7596153846153846,0.7596153846153846,0.841227445394112,0.9228395061728395,0.837259270727863,299,25,25,79
aids_clinical_trial_175,10,51,HYBRID,CatBoost,0.8634746315890327,0.7403846153846154,0.7857142857142857,0.7623762376237625,0.8377849002849003,0.9351851851851852,0.832103793794214,303,21,27,77
