dataset,run,seed,method,gen_time_s,real_diversity_ref,wasserstein_std,diversity,corr_diff_mean,cat_diff_mean
credit_card_default,1,42,SMOTE,1.4,3.8432155088835938,0.025966067260733555,3.664473353154634,0.015010903027926067,0.05738798642293646
credit_card_default,1,42,CTGAN,60.7,3.8432155088835938,0.11684475278076821,4.398175865390353,0.20324350400098706,0.29758003411396217
credit_card_default,1,42,TVAE,93.7,3.8432155088835938,0.09384163025567828,3.5796810054713437,0.06875330863799706,0.09506524042721967
credit_card_default,1,42,HYBRID,105.3,3.8432155088835938,0.09397329424356812,4.0188566778059585,0.09517112553199183,0.3418794136500784
credit_card_default,2,43,SMOTE,1.4,3.8432155088835938,0.030123503037079426,3.557147613806055,0.019256907681147347,0.06332394527109703
credit_card_default,2,43,CTGAN,56.4,3.8432155088835938,0.1485419033150957,4.283235938072303,0.2129237556995575,0.2710059438177892
credit_card_default,2,43,TVAE,86.5,3.8432155088835938,0.1023328762919931,3.764895411094866,0.06878483521071924,0.07227005448411261
credit_card_default,2,43,HYBRID,99.9,3.8432155088835938,0.09200094475036702,3.8995905511973032,0.08625023323292719,0.2144429751450384
credit_card_default,3,44,SMOTE,1.4,3.8432155088835938,0.03219247315312039,3.474073571087289,0.01486343213576582,0.06251673232328053
credit_card_default,3,44,CTGAN,57.6,3.8432155088835938,0.12758273422638738,4.462393091260226,0.20378834664726364,0.3535888594701552
credit_card_default,3,44,TVAE,91.1,3.8432155088835938,0.08557256293110391,3.638735635078766,0.06738680787455902,0.1417414755500989
credit_card_default,3,44,HYBRID,111.2,3.8432155088835938,0.121264005727639,3.835337144942355,0.09487980515324312,0.2428609499331743
credit_card_default,4,45,SMOTE,1.4,3.8432155088835938,0.027196084915927645,3.717638999494857,0.01931354144695544,0.061093613970643994
credit_card_default,4,45,CTGAN,58.4,3.8432155088835938,0.13802624674023004,4.283549143726803,0.18658866575265098,0.31818879228109664
credit_card_default,4,45,TVAE,88.6,3.8432155088835938,0.08685460183670153,3.5425424751276964,0.07404875583875589,0.14610161897166743
credit_card_default,4,45,HYBRID,109.6,3.8432155088835938,0.11647623246734992,4.05374270537392,0.084727851021134,0.2754139251217595
credit_card_default,5,46,SMOTE,1.4,3.8432155088835938,0.02721581522998705,3.687330322028099,0.014265974801059546,0.05936213481760186
credit_card_default,5,46,CTGAN,89.2,3.8432155088835938,0.1148499169849825,4.444509916839754,0.1932890274913888,0.2716499322295851
credit_card_default,5,46,TVAE,105.4,3.8432155088835938,0.07339247114473156,3.4675953731247016,0.07251791529477584,0.09085337098157086
credit_card_default,5,46,HYBRID,180.7,3.8432155088835938,0.10869671932736401,3.7938912099890283,0.09103624549311194,0.32704533009333825
credit_card_default,6,47,SMOTE,1.4,3.8432155088835938,0.02244024697093935,3.854395518790669,0.014937969352198517,0.06360726302803853
credit_card_default,6,47,CTGAN,64.2,3.8432155088835938,0.13969017793339492,4.274092006929291,0.20433862714462456,0.3301462150604396
credit_card_default,6,47,TVAE,90.6,3.8432155088835938,0.100299892441386,3.3427884048264978,0.07226313277850628,0.11445115616581408
credit_card_default,6,47,HYBRID,110.1,3.8432155088835938,0.12918529211290572,3.8657576260891235,0.09015363305501817,0.28581433430671305
credit_card_default,7,48,SMOTE,1.3,3.8432155088835938,0.030304516447494205,3.579237336320498,0.0193520573985064,0.05893281083887161
credit_card_default,7,48,CTGAN,57.5,3.8432155088835938,0.1377535580839304,4.736937410523946,0.19435075681465266,0.30147723801172915
credit_card_default,7,48,TVAE,89.9,3.8432155088835938,0.09239529145292702,3.771423553987773,0.07171368645697342,0.1080796858890744
credit_card_default,7,48,HYBRID,109.5,3.8432155088835938,0.1183683527612315,3.9600227822686103,0.10333330046907833,0.2568915985031826
credit_card_default,8,49,SMOTE,1.4,3.8432155088835938,0.02372167862498683,3.8092244219331985,0.013763465431306438,0.06534443111601279
credit_card_default,8,49,CTGAN,56.6,3.8432155088835938,0.1562355842734244,4.706082278452301,0.19515526129985838,0.2649088424664956
credit_card_default,8,49,TVAE,86.4,3.8432155088835938,0.09235713468712019,3.574021801859081,0.07031847064343505,0.06863004029676906
credit_card_default,8,49,HYBRID,92.6,3.8432155088835938,0.13299022552352904,3.8340760444548523,0.08508301551056519,0.26090823582271594
credit_card_default,9,50,SMOTE,1.3,3.8432155088835938,0.028372247258483023,3.6423622984006974,0.01806030347939702,0.06542184266273941
credit_card_default,9,50,CTGAN,56.4,3.8432155088835938,0.13307625838071804,4.388950888819241,0.18967298184664022,0.28769198096578164
credit_card_default,9,50,TVAE,99.5,3.8432155088835938,0.08901845504631685,3.4760264544010497,0.06679318692869313,0.10224104497250178
credit_card_default,9,50,HYBRID,96.6,3.8432155088835938,0.12215653378380546,3.863545815399992,0.08549932315011322,0.30744568341529677
credit_card_default,10,51,SMOTE,1.3,3.8432155088835938,0.033292828004830036,3.482196316303846,0.021103697840322,0.06352940672780774
credit_card_default,10,51,CTGAN,62.7,3.8432155088835938,0.1451047307240441,4.164956305038547,0.19760939045438766,0.30363090553783056
credit_card_default,10,51,TVAE,85.8,3.8432155088835938,0.08455094009243193,3.5953257457033896,0.06840972509878666,0.11244270310251589
credit_card_default,10,51,HYBRID,103.3,3.8432155088835938,0.12382798797056878,3.704924419245138,0.09317411224012168,0.24526989619585177
