dataset,run,seed,method,gen_time_s,real_diversity_ref,wasserstein_std,diversity,cat_diff_mean
thyroid_cancer_recurrence,1,42,SMOTE,0.1,1.1628064038192918,0.0710095001146399,1.1730255568197043,0.3005924710600675
thyroid_cancer_recurrence,1,42,CTGAN,12.6,1.1628064038192918,0.4344236489222645,1.677794739322514,0.221019050223316
thyroid_cancer_recurrence,1,42,TVAE,2.1,1.1628064038192918,0.08863913718883205,1.0937660354877652,0.3058426761462037
thyroid_cancer_recurrence,1,42,HYBRID,5.0,1.1628064038192918,1.117402181390906,1.386501539328205,0.17595478990064717
thyroid_cancer_recurrence,2,43,SMOTE,0.0,1.1628064038192918,0.07693232050816459,1.1102527867053615,0.29410263421748245
thyroid_cancer_recurrence,2,43,CTGAN,11.8,1.1628064038192918,0.4897392539497802,1.8300192176164565,0.20391942393583085
thyroid_cancer_recurrence,2,43,TVAE,2.7,1.1628064038192918,0.19285356205743914,1.007667778563012,0.3559019232522104
thyroid_cancer_recurrence,2,43,HYBRID,6.0,1.1628064038192918,0.5847938001102102,1.2551609309909746,0.1557743141008112
thyroid_cancer_recurrence,3,44,SMOTE,0.0,1.1628064038192918,0.06479030387090508,1.0910998225095956,0.2880138547078662
thyroid_cancer_recurrence,3,44,CTGAN,12.6,1.1628064038192918,0.4470020062479255,1.6189999033659954,0.12139276273812778
thyroid_cancer_recurrence,3,44,TVAE,2.9,1.1628064038192918,0.16395615331448576,1.114725172608695,0.3226141646158054
thyroid_cancer_recurrence,3,44,HYBRID,6.0,1.1628064038192918,0.5878743502815515,1.2134528830408848,0.10084768936286576
thyroid_cancer_recurrence,4,45,SMOTE,0.0,1.1628064038192918,0.1485026256657452,1.0592034189002728,0.2694558381186765
thyroid_cancer_recurrence,4,45,CTGAN,13.2,1.1628064038192918,0.4414310700178936,1.7139724908687008,0.13233069000091147
thyroid_cancer_recurrence,4,45,TVAE,3.2,1.1628064038192918,0.12068660411421187,1.0742827589597126,0.2554006015859995
thyroid_cancer_recurrence,4,45,HYBRID,6.8,1.1628064038192918,0.8029651543055183,1.2067651602589464,0.142065445264789
thyroid_cancer_recurrence,5,46,SMOTE,0.0,1.1628064038192918,0.1764721867406973,1.0020046514058212,0.2735757907209917
thyroid_cancer_recurrence,5,46,CTGAN,14.8,1.1628064038192918,0.5784658927547908,1.6678278885654187,0.24646796098805943
thyroid_cancer_recurrence,5,46,TVAE,3.3,1.1628064038192918,0.1026393957773939,1.0534769580042764,0.34397958253577615
thyroid_cancer_recurrence,5,46,HYBRID,7.0,1.1628064038192918,1.1125290371401482,1.0692163410795257,0.08002916780603408
thyroid_cancer_recurrence,6,47,SMOTE,0.0,1.1628064038192918,0.1853450441594816,1.050144901809083,0.31439248928994623
thyroid_cancer_recurrence,6,47,CTGAN,13.4,1.1628064038192918,0.8149463022785659,1.8531250610542993,0.21582353477349375
thyroid_cancer_recurrence,6,47,TVAE,3.2,1.1628064038192918,0.14337868990983915,1.086932992612949,0.3121866739586182
thyroid_cancer_recurrence,6,47,HYBRID,6.8,1.1628064038192918,0.5755969526680718,1.0656112775246747,0.12031719989062072
thyroid_cancer_recurrence,7,48,SMOTE,0.0,1.1628064038192918,0.12144180990109155,1.1083104642116015,0.2996080576064169
thyroid_cancer_recurrence,7,48,CTGAN,10.0,1.1628064038192918,1.0069321399755682,1.821451559369492,0.23115486282016223
thyroid_cancer_recurrence,7,48,TVAE,2.5,1.1628064038192918,0.09548613865480055,1.1360964006743894,0.29178743961352654
thyroid_cancer_recurrence,7,48,HYBRID,6.0,1.1628064038192918,0.8815313856214547,1.3020700909176113,0.13922158417646519
thyroid_cancer_recurrence,8,49,SMOTE,0.0,1.1628064038192918,0.1931692439594477,0.9942492883527105,0.33329687357579074
thyroid_cancer_recurrence,8,49,CTGAN,13.5,1.1628064038192918,0.38612275679172614,1.6546601453536411,0.30292589554279464
thyroid_cancer_recurrence,8,49,TVAE,3.7,1.1628064038192918,0.1298086476008217,1.0887059420264706,0.34835475344088956
thyroid_cancer_recurrence,8,49,HYBRID,7.0,1.1628064038192918,0.508179003946743,1.0397918085480315,0.12142922249567036
thyroid_cancer_recurrence,9,50,SMOTE,0.0,1.1628064038192918,0.11372114981205099,1.082403967213296,0.25080667213563035
thyroid_cancer_recurrence,9,50,CTGAN,11.9,1.1628064038192918,0.6517776635096868,1.9239376189813922,0.1409169629021967
thyroid_cancer_recurrence,9,50,TVAE,2.6,1.1628064038192918,0.2093403249057403,1.057684119045012,0.3534226597393127
thyroid_cancer_recurrence,9,50,HYBRID,5.5,1.1628064038192918,0.9203437784403734,1.3620342840051152,0.10560568772217664
thyroid_cancer_recurrence,10,51,SMOTE,0.0,1.1628064038192918,0.12621091197320514,1.1385820714090065,0.2631665299425759
thyroid_cancer_recurrence,10,51,CTGAN,12.9,1.1628064038192918,0.4792682272137516,1.7416592522506702,0.1658554370613435
thyroid_cancer_recurrence,10,51,TVAE,3.2,1.1628064038192918,0.09975913424485122,1.1009824187763158,0.3183483729833197
thyroid_cancer_recurrence,10,51,HYBRID,6.9,1.1628064038192918,0.7219562906208861,1.2129994056393234,0.12775499042931365
